company_id,cost_center,year,month,budget_amount
C01,CC-C01-D01,2025,6,6357.74
C01,CC-C01-D01,2025,7,5010.27
C01,CC-C01-D01,2025,8,4951.49
C01,CC-C01-D01,2025,9,5077.4
C01,CC-C01-D01,2025,10,6195.12
C01,CC-C01-D01,2025,11,6194.0
C01,CC-C01-D01,2025,12,6043.95
C01,CC-C01-D01,2026,1,5765.76
C01,CC-C01-D01,2026,2,6525.72
C01,CC-C01-D01,2026,3,7591.15
C01,CC-C01-D01,2026,4,6657.19
C01,CC-C01-D01,2026,5,7386.92
C01,CC-C01-D01,2026,6,5828.79
C01,CC-C01-D01,2026,7,7474.71
C01,CC-C01-D02,2025,6,10449.61
C01,CC-C01-D02,2025,7,12769.52
C01,CC-C01-D02,2025,8,12903.97
C01,CC-C01-D02,2025,9,11489.99
C01,CC-C01-D02,2025,10,12875.17
C01,CC-C01-D02,2025,11,12170.83
C01,CC-C01-D02,2025,12,10430.14
C01,CC-C01-D02,2026,1,10385.36
C01,CC-C01-D02,2026,2,10633.15
C01,CC-C01-D02,2026,3,9843.23
C01,CC-C01-D02,2026,4,12120.72
C01,CC-C01-D02,2026,5,10936.15
C01,CC-C01-D02,2026,6,12033.8
C01,CC-C01-D02,2026,7,12772.64
C01,CC-C01-D03,2025,6,9903.18
C01,CC-C01-D03,2025,7,10551.97
C01,CC-C01-D03,2025,8,8366.34
C01,CC-C01-D03,2025,9,9361.5
C01,CC-C01-D03,2025,10,10111.33
C01,CC-C01-D03,2025,11,8569.04
C01,CC-C01-D03,2025,12,8981.81
C01,CC-C01-D03,2026,1,11638.55
C01,CC-C01-D03,2026,2,11356.0
C01,CC-C01-D03,2026,3,9842.14
C01,CC-C01-D03,2026,4,11578.52
C01,CC-C01-D03,2026,5,11760.84
C01,CC-C01-D03,2026,6,12122.7
C01,CC-C01-D03,2026,7,12555.5
C01,CC-C01-D04,2025,6,10732.75
C01,CC-C01-D04,2025,7,10909.37
C01,CC-C01-D04,2025,8,8962.94
C01,CC-C01-D04,2025,9,9967.89
C01,CC-C01-D04,2025,10,11202.21
C01,CC-C01-D04,2025,11,9390.6
C01,CC-C01-D04,2025,12,11056.61
C01,CC-C01-D04,2026,1,13246.25
C01,CC-C01-D04,2026,2,13296.51
C01,CC-C01-D04,2026,3,11692.61
C01,CC-C01-D04,2026,4,11971.02
C01,CC-C01-D04,2026,5,11421.5
C01,CC-C01-D04,2026,6,11986.16
C01,CC-C01-D04,2026,7,11005.24
C01,CC-C01-D05,2025,6,8180.02
C01,CC-C01-D05,2025,7,7192.58
C01,CC-C01-D05,2025,8,7151.71
C01,CC-C01-D05,2025,9,8054.81
C01,CC-C01-D05,2025,10,7654.94
C01,CC-C01-D05,2025,11,8310.34
C01,CC-C01-D05,2025,12,9112.68
C01,CC-C01-D05,2026,1,9177.93
C01,CC-C01-D05,2026,2,8956.84
C01,CC-C01-D05,2026,3,8968.87
C01,CC-C01-D05,2026,4,9465.76
C01,CC-C01-D05,2026,5,7413.36
C01,CC-C01-D05,2026,6,7818.18
C01,CC-C01-D05,2026,7,8658.77
C01,CC-C01-D06,2025,6,5005.29
C01,CC-C01-D06,2025,7,6091.62
C01,CC-C01-D06,2025,8,4672.16
C01,CC-C01-D06,2025,9,5118.72
C01,CC-C01-D06,2025,10,5996.62
C01,CC-C01-D06,2025,11,4782.51
C01,CC-C01-D06,2025,12,5533.05
C01,CC-C01-D06,2026,1,5682.39
C01,CC-C01-D06,2026,2,5854.91
C01,CC-C01-D06,2026,3,6659.18
C01,CC-C01-D06,2026,4,7357.82
C01,CC-C01-D06,2026,5,6877.4
C01,CC-C01-D06,2026,6,5657.5
C01,CC-C01-D06,2026,7,6930.63
C01,CC-C01-D07,2025,6,1980.06
C01,CC-C01-D07,2025,7,1843.18
C01,CC-C01-D07,2025,8,2159.05
C01,CC-C01-D07,2025,9,1847.23
C01,CC-C01-D07,2025,10,2133.94
C01,CC-C01-D07,2025,11,1803.69
C01,CC-C01-D07,2025,12,1759.29
C01,CC-C01-D07,2026,1,2104.51
C01,CC-C01-D07,2026,2,2050.08
C01,CC-C01-D07,2026,3,1924.88
C01,CC-C01-D07,2026,4,2118.81
C01,CC-C01-D07,2026,5,2314.94
C01,CC-C01-D07,2026,6,2295.36
C01,CC-C01-D07,2026,7,2093.18
C01,CC-C01-D08,2025,6,7218.51
C01,CC-C01-D08,2025,7,7893.46
C01,CC-C01-D08,2025,8,7011.44
C01,CC-C01-D08,2025,9,8255.15
C01,CC-C01-D08,2025,10,8431.55
C01,CC-C01-D08,2025,11,7460.72
C01,CC-C01-D08,2025,12,7413.19
C01,CC-C01-D08,2026,1,8200.49
C01,CC-C01-D08,2026,2,8372.85
C01,CC-C01-D08,2026,3,8443.38
C01,CC-C01-D08,2026,4,8289.96
C01,CC-C01-D08,2026,5,6828.47
C01,CC-C01-D08,2026,6,8522.96
C01,CC-C01-D08,2026,7,8263.37
C01,CC-C01-D09,2025,6,11520.45
C01,CC-C01-D09,2025,7,10949.46
C01,CC-C01-D09,2025,8,11690.48
C01,CC-C01-D09,2025,9,9215.26
C01,CC-C01-D09,2025,10,9257.38
C01,CC-C01-D09,2025,11,11279.84
C01,CC-C01-D09,2025,12,9651.5
C01,CC-C01-D09,2026,1,14519.15
C01,CC-C01-D09,2026,2,14289.82
C01,CC-C01-D09,2026,3,11909.68
C01,CC-C01-D09,2026,4,13058.95
C01,CC-C01-D09,2026,5,14076.06
C01,CC-C01-D09,2026,6,13002.1
C01,CC-C01-D09,2026,7,14518.14
C01,CC-C01-D10,2025,6,6268.48
C01,CC-C01-D10,2025,7,5978.87
C01,CC-C01-D10,2025,8,6223.46
C01,CC-C01-D10,2025,9,4905.93
C01,CC-C01-D10,2025,10,5572.08
C01,CC-C01-D10,2025,11,5491.99
C01,CC-C01-D10,2025,12,5491.15
C01,CC-C01-D10,2026,1,5390.39
C01,CC-C01-D10,2026,2,6025.93
C01,CC-C01-D10,2026,3,5054.89
C01,CC-C01-D10,2026,4,5036.51
C01,CC-C01-D10,2026,5,5850.43
C01,CC-C01-D10,2026,6,5088.09
C01,CC-C01-D10,2026,7,6471.74
C01,CC-C01-D11,2025,6,8896.32
C01,CC-C01-D11,2025,7,11003.81
C01,CC-C01-D11,2025,8,8875.95
C01,CC-C01-D11,2025,9,9502.3
C01,CC-C01-D11,2025,10,8661.94
C01,CC-C01-D11,2025,11,10237.49
C01,CC-C01-D11,2025,12,8467.47
C01,CC-C01-D11,2026,1,10727.38
C01,CC-C01-D11,2026,2,8509.1
C01,CC-C01-D11,2026,3,10488.2
C01,CC-C01-D11,2026,4,9157.19
C01,CC-C01-D11,2026,5,10208.94
C01,CC-C01-D11,2026,6,8959.53
C01,CC-C01-D11,2026,7,8336.78
C02,CC-C02-D01,2025,6,7104.18
C02,CC-C02-D01,2025,7,8571.4
C02,CC-C02-D01,2025,8,8472.57
C02,CC-C02-D01,2025,9,7514.24
C02,CC-C02-D01,2025,10,8574.44
C02,CC-C02-D01,2025,11,7885.17
C02,CC-C02-D01,2025,12,8310.43
C02,CC-C02-D01,2026,1,9642.04
C02,CC-C02-D01,2026,2,10878.77
C02,CC-C02-D01,2026,3,8391.82
C02,CC-C02-D01,2026,4,8379.56
C02,CC-C02-D01,2026,5,10881.0
C02,CC-C02-D01,2026,6,9367.31
C02,CC-C02-D01,2026,7,8883.22
C02,CC-C02-D02,2025,6,1959.06
C02,CC-C02-D02,2025,7,1737.83
C02,CC-C02-D02,2025,8,2208.45
C02,CC-C02-D02,2025,9,2061.71
C02,CC-C02-D02,2025,10,2313.23
C02,CC-C02-D02,2025,11,1882.1
C02,CC-C02-D02,2025,12,2181.28
C02,CC-C02-D02,2026,1,2040.08
C02,CC-C02-D02,2026,2,1909.54
C02,CC-C02-D02,2026,3,2180.87
C02,CC-C02-D02,2026,4,2320.18
C02,CC-C02-D02,2026,5,2273.88
C02,CC-C02-D02,2026,6,2032.77
C02,CC-C02-D02,2026,7,1804.19
C02,CC-C02-D03,2025,6,1412.75
C02,CC-C02-D03,2025,7,1718.09
C02,CC-C02-D03,2025,8,1829.73
C02,CC-C02-D03,2025,9,1744.07
C02,CC-C02-D03,2025,10,1476.46
C02,CC-C02-D03,2025,11,1532.11
C02,CC-C02-D03,2025,12,1405.49
C02,CC-C02-D03,2026,1,1607.71
C02,CC-C02-D03,2026,2,1481.97
C02,CC-C02-D03,2026,3,1820.77
C02,CC-C02-D03,2026,4,1568.43
C02,CC-C02-D03,2026,5,1556.08
C02,CC-C02-D03,2026,6,1468.95
C02,CC-C02-D03,2026,7,1664.24
C02,CC-C02-D04,2025,6,1562.24
C02,CC-C02-D04,2025,7,1896.09
C02,CC-C02-D04,2025,8,1575.58
C02,CC-C02-D04,2025,9,1838.89
C02,CC-C02-D04,2025,10,1670.77
C02,CC-C02-D04,2025,11,1644.2
C02,CC-C02-D04,2025,12,1494.94
C02,CC-C02-D04,2026,1,1503.53
C02,CC-C02-D04,2026,2,1691.32
C02,CC-C02-D04,2026,3,1804.22
C02,CC-C02-D04,2026,4,1805.99
C02,CC-C02-D04,2026,5,1514.62
C02,CC-C02-D04,2026,6,1695.06
C02,CC-C02-D04,2026,7,1916.09
C02,CC-C02-D05,2025,6,2975.32
C02,CC-C02-D05,2025,7,3488.47
C02,CC-C02-D05,2025,8,2893.97
C02,CC-C02-D05,2025,9,3198.85
C02,CC-C02-D05,2025,10,2960.64
C02,CC-C02-D05,2025,11,3309.09
C02,CC-C02-D05,2025,12,3068.69
C02,CC-C02-D05,2026,1,4420.02
C02,CC-C02-D05,2026,2,3589.47
C02,CC-C02-D05,2026,3,3544.85
C02,CC-C02-D05,2026,4,3719.05
C02,CC-C02-D05,2026,5,4294.54
C02,CC-C02-D05,2026,6,3451.17
C02,CC-C02-D05,2026,7,3740.88
C02,CC-C02-D06,2025,6,6095.28
C02,CC-C02-D06,2025,7,4770.22
C02,CC-C02-D06,2025,8,5875.83
C02,CC-C02-D06,2025,9,6038.48
C02,CC-C02-D06,2025,10,5309.04
C02,CC-C02-D06,2025,11,5775.36
C02,CC-C02-D06,2025,12,5987.24
C02,CC-C02-D06,2026,1,6395.69
C02,CC-C02-D06,2026,2,6579.65
C02,CC-C02-D06,2026,3,6261.51
C02,CC-C02-D06,2026,4,6216.74
C02,CC-C02-D06,2026,5,5911.78
C02,CC-C02-D06,2026,6,5566.0
C02,CC-C02-D06,2026,7,7164.97
C02,CC-C02-D07,2025,6,1003.9
C02,CC-C02-D07,2025,7,768.78
C02,CC-C02-D07,2025,8,927.35
C02,CC-C02-D07,2025,9,948.16
C02,CC-C02-D07,2025,10,941.67
C02,CC-C02-D07,2025,11,858.57
C02,CC-C02-D07,2025,12,803.77
C02,CC-C02-D07,2026,1,1181.81
C02,CC-C02-D07,2026,2,937.71
C02,CC-C02-D07,2026,3,971.98
C02,CC-C02-D07,2026,4,1056.84
C02,CC-C02-D07,2026,5,1025.34
C02,CC-C02-D07,2026,6,922.35
C02,CC-C02-D07,2026,7,984.28
C02,CC-C02-D08,2025,6,5732.74
C02,CC-C02-D08,2025,7,5051.89
C02,CC-C02-D08,2025,8,6386.68
C02,CC-C02-D08,2025,9,5527.73
C02,CC-C02-D08,2025,10,5006.49
C02,CC-C02-D08,2025,11,6452.4
C02,CC-C02-D08,2025,12,6673.46
C02,CC-C02-D08,2026,1,5832.26
C02,CC-C02-D08,2026,2,6290.52
C02,CC-C02-D08,2026,3,6417.06
C02,CC-C02-D08,2026,4,6180.8
C02,CC-C02-D08,2026,5,6228.48
C02,CC-C02-D08,2026,6,6323.85
C02,CC-C02-D08,2026,7,5528.75
C02,CC-C02-D09,2025,6,3557.44
C02,CC-C02-D09,2025,7,4017.26
C02,CC-C02-D09,2025,8,3820.73
C02,CC-C02-D09,2025,9,3334.23
C02,CC-C02-D09,2025,10,3794.31
C02,CC-C02-D09,2025,11,3823.59
C02,CC-C02-D09,2025,12,3311.6
C02,CC-C02-D09,2026,1,4154.93
C02,CC-C02-D09,2026,2,4676.23
C02,CC-C02-D09,2026,3,4765.59
C02,CC-C02-D09,2026,4,4619.62
C02,CC-C02-D09,2026,5,3784.48
C02,CC-C02-D09,2026,6,4537.79
C02,CC-C02-D09,2026,7,4538.52
C02,CC-C02-D10,2025,6,1981.28
C02,CC-C02-D10,2025,7,2111.78
C02,CC-C02-D10,2025,8,2439.22
C02,CC-C02-D10,2025,9,2314.62
C02,CC-C02-D10,2025,10,2302.1
C02,CC-C02-D10,2025,11,2063.87
C02,CC-C02-D10,2025,12,2540.15
C02,CC-C02-D10,2026,1,2404.92
C02,CC-C02-D10,2026,2,2032.98
C02,CC-C02-D10,2026,3,2400.32
C02,CC-C02-D10,2026,4,2013.36
C02,CC-C02-D10,2026,5,2575.99
C02,CC-C02-D10,2026,6,2118.92
C02,CC-C02-D10,2026,7,2164.12
C02,CC-C02-D11,2025,6,4000.11
C02,CC-C02-D11,2025,7,4104.93
C02,CC-C02-D11,2025,8,3888.54
C02,CC-C02-D11,2025,9,3815.0
C02,CC-C02-D11,2025,10,3809.05
C02,CC-C02-D11,2025,11,3808.88
C02,CC-C02-D11,2025,12,3834.57
C02,CC-C02-D11,2026,1,3978.87
C02,CC-C02-D11,2026,2,3850.25
C02,CC-C02-D11,2026,3,3487.21
C02,CC-C02-D11,2026,4,3831.34
C02,CC-C02-D11,2026,5,4201.68
C02,CC-C02-D11,2026,6,3349.48
C02,CC-C02-D11,2026,7,4075.97
C03,CC-C03-D01,2025,6,4475.9
C03,CC-C03-D01,2025,7,4042.49
C03,CC-C03-D01,2025,8,4810.27
C03,CC-C03-D01,2025,9,4722.01
C03,CC-C03-D01,2025,10,3994.6
C03,CC-C03-D01,2025,11,4862.13
C03,CC-C03-D01,2025,12,4896.95
C03,CC-C03-D01,2026,1,4473.05
C03,CC-C03-D01,2026,2,3868.03
C03,CC-C03-D01,2026,3,4817.46
C03,CC-C03-D01,2026,4,4942.55
C03,CC-C03-D01,2026,5,5045.44
C03,CC-C03-D01,2026,6,4841.69
C03,CC-C03-D01,2026,7,4727.96
C03,CC-C03-D02,2025,6,1918.34
C03,CC-C03-D02,2025,7,1471.69
C03,CC-C03-D02,2025,8,1887.38
C03,CC-C03-D02,2025,9,1715.25
C03,CC-C03-D02,2025,10,1913.16
C03,CC-C03-D02,2025,11,1748.29
C03,CC-C03-D02,2025,12,1658.27
C03,CC-C03-D02,2026,1,1637.7
C03,CC-C03-D02,2026,2,1512.21
C03,CC-C03-D02,2026,3,1868.17
C03,CC-C03-D02,2026,4,1791.55
C03,CC-C03-D02,2026,5,1730.09
C03,CC-C03-D02,2026,6,1447.2
C03,CC-C03-D02,2026,7,1838.26
C03,CC-C03-D03,2025,6,2266.31
C03,CC-C03-D03,2025,7,2472.21
C03,CC-C03-D03,2025,8,2096.52
C03,CC-C03-D03,2025,9,1908.88
C03,CC-C03-D03,2025,10,2215.32
C03,CC-C03-D03,2025,11,2004.0
C03,CC-C03-D03,2025,12,1961.07
C03,CC-C03-D03,2026,1,1972.62
C03,CC-C03-D03,2026,2,1908.99
C03,CC-C03-D03,2026,3,1954.13
C03,CC-C03-D03,2026,4,2452.92
C03,CC-C03-D03,2026,5,2226.92
C03,CC-C03-D03,2026,6,2049.77
C03,CC-C03-D03,2026,7,2025.6
C03,CC-C03-D04,2025,6,2490.19
C03,CC-C03-D04,2025,7,2772.12
C03,CC-C03-D04,2025,8,2353.89
C03,CC-C03-D04,2025,9,2946.96
C03,CC-C03-D04,2025,10,2662.92
C03,CC-C03-D04,2025,11,2772.56
C03,CC-C03-D04,2025,12,2610.8
C03,CC-C03-D04,2026,1,2328.44
C03,CC-C03-D04,2026,2,3055.48
C03,CC-C03-D04,2026,3,2624.02
C03,CC-C03-D04,2026,4,2397.33
C03,CC-C03-D04,2026,5,2710.87
C03,CC-C03-D04,2026,6,2387.95
C03,CC-C03-D04,2026,7,2376.41
C03,CC-C03-D05,2025,6,1471.25
C03,CC-C03-D05,2025,7,1407.48
C03,CC-C03-D05,2025,8,1480.8
C03,CC-C03-D05,2025,9,1597.62
C03,CC-C03-D05,2025,10,1202.48
C03,CC-C03-D05,2025,11,1447.0
C03,CC-C03-D05,2025,12,1430.64
C03,CC-C03-D05,2026,1,1362.06
C03,CC-C03-D05,2026,2,1401.94
C03,CC-C03-D05,2026,3,1369.17
C03,CC-C03-D05,2026,4,1610.83
C03,CC-C03-D05,2026,5,1520.8
C03,CC-C03-D05,2026,6,1355.93
C03,CC-C03-D05,2026,7,1192.99
C03,CC-C03-D06,2025,6,1427.72
C03,CC-C03-D06,2025,7,1490.01
C03,CC-C03-D06,2025,8,1596.2
C03,CC-C03-D06,2025,9,1855.33
C03,CC-C03-D06,2025,10,1740.67
C03,CC-C03-D06,2025,11,1687.78
C03,CC-C03-D06,2025,12,1471.43
C03,CC-C03-D06,2026,1,1674.45
C03,CC-C03-D06,2026,2,1594.8
C03,CC-C03-D06,2026,3,1890.58
C03,CC-C03-D06,2026,4,1515.22
C03,CC-C03-D06,2026,5,1879.39
C03,CC-C03-D06,2026,6,1660.62
C03,CC-C03-D06,2026,7,1475.81
C03,CC-C03-D07,2025,6,965.62
C03,CC-C03-D07,2025,7,1075.08
C03,CC-C03-D07,2025,8,1043.8
C03,CC-C03-D07,2025,9,1057.9
C03,CC-C03-D07,2025,10,1077.77
C03,CC-C03-D07,2025,11,1062.46
C03,CC-C03-D07,2025,12,1032.86
C03,CC-C03-D07,2026,1,1007.31
C03,CC-C03-D07,2026,2,1152.94
C03,CC-C03-D07,2026,3,1163.52
C03,CC-C03-D07,2026,4,1054.7
C03,CC-C03-D07,2026,5,1202.36
C03,CC-C03-D07,2026,6,922.4
C03,CC-C03-D07,2026,7,1137.21
C03,CC-C03-D08,2025,6,2582.82
C03,CC-C03-D08,2025,7,2273.1
C03,CC-C03-D08,2025,8,2318.06
C03,CC-C03-D08,2025,9,2503.59
C03,CC-C03-D08,2025,10,2804.78
C03,CC-C03-D08,2025,11,2810.67
C03,CC-C03-D08,2025,12,2272.61
C03,CC-C03-D08,2026,1,2487.29
C03,CC-C03-D08,2026,2,2347.71
C03,CC-C03-D08,2026,3,3026.48
C03,CC-C03-D08,2026,4,2790.29
C03,CC-C03-D08,2026,5,3026.18
C03,CC-C03-D08,2026,6,2441.77
C03,CC-C03-D08,2026,7,2841.44
C03,CC-C03-D09,2025,6,1613.03
C03,CC-C03-D09,2025,7,1560.23
C03,CC-C03-D09,2025,8,1673.26
C03,CC-C03-D09,2025,9,1645.94
C03,CC-C03-D09,2025,10,1868.87
C03,CC-C03-D09,2025,11,1824.02
C03,CC-C03-D09,2025,12,1753.25
C03,CC-C03-D09,2026,1,1528.18
C03,CC-C03-D09,2026,2,1544.51
C03,CC-C03-D09,2026,3,1516.02
C03,CC-C03-D09,2026,4,1749.63
C03,CC-C03-D09,2026,5,1462.83
C03,CC-C03-D09,2026,6,1757.17
C03,CC-C03-D09,2026,7,1508.33
C03,CC-C03-D10,2025,6,1605.84
C03,CC-C03-D10,2025,7,1623.68
C03,CC-C03-D10,2025,8,1645.05
C03,CC-C03-D10,2025,9,1559.82
C03,CC-C03-D10,2025,10,1481.39
C03,CC-C03-D10,2025,11,1452.42
C03,CC-C03-D10,2025,12,1467.47
C03,CC-C03-D10,2026,1,1338.46
C03,CC-C03-D10,2026,2,1536.81
C03,CC-C03-D10,2026,3,1383.79
C03,CC-C03-D10,2026,4,1333.03
C03,CC-C03-D10,2026,5,1680.7
C03,CC-C03-D10,2026,6,1527.03
C03,CC-C03-D10,2026,7,1299.05
C03,CC-C03-D11,2025,6,912.76
C03,CC-C03-D11,2025,7,809.74
C03,CC-C03-D11,2025,8,892.01
C03,CC-C03-D11,2025,9,878.81
C03,CC-C03-D11,2025,10,1044.2
C03,CC-C03-D11,2025,11,888.26
C03,CC-C03-D11,2025,12,855.48
C03,CC-C03-D11,2026,1,976.01
C03,CC-C03-D11,2026,2,942.81
C03,CC-C03-D11,2026,3,843.82
C03,CC-C03-D11,2026,4,974.8
C03,CC-C03-D11,2026,5,856.97
C03,CC-C03-D11,2026,6,1010.41
C03,CC-C03-D11,2026,7,832.84
C04,CC-C04-D01,2025,6,5184.33
C04,CC-C04-D01,2025,7,5228.84
C04,CC-C04-D01,2025,8,4232.88
C04,CC-C04-D01,2025,9,4992.98
C04,CC-C04-D01,2025,10,5261.24
C04,CC-C04-D01,2025,11,5441.74
C04,CC-C04-D01,2025,12,4762.01
C04,CC-C04-D01,2026,1,5532.46
C04,CC-C04-D01,2026,2,5572.47
C04,CC-C04-D01,2026,3,5082.22
C04,CC-C04-D01,2026,4,4701.98
C04,CC-C04-D01,2026,5,4524.18
C04,CC-C04-D01,2026,6,4677.57
C04,CC-C04-D01,2026,7,4692.84
C04,CC-C04-D02,2025,6,4909.39
C04,CC-C04-D02,2025,7,4311.57
C04,CC-C04-D02,2025,8,3789.87
C04,CC-C04-D02,2025,9,4008.01
C04,CC-C04-D02,2025,10,4734.1
C04,CC-C04-D02,2025,11,4374.37
C04,CC-C04-D02,2025,12,4829.41
C04,CC-C04-D02,2026,1,4210.7
C04,CC-C04-D02,2026,2,4113.17
C04,CC-C04-D02,2026,3,4989.65
C04,CC-C04-D02,2026,4,4575.61
C04,CC-C04-D02,2026,5,4294.67
C04,CC-C04-D02,2026,6,4628.63
C04,CC-C04-D02,2026,7,4941.3
C04,CC-C04-D03,2025,6,1155.3
C04,CC-C04-D03,2025,7,1173.57
C04,CC-C04-D03,2025,8,1014.92
C04,CC-C04-D03,2025,9,1256.53
C04,CC-C04-D03,2025,10,1135.97
C04,CC-C04-D03,2025,11,1192.26
C04,CC-C04-D03,2025,12,1201.8
C04,CC-C04-D03,2026,1,1401.69
C04,CC-C04-D03,2026,2,1194.53
C04,CC-C04-D03,2026,3,1314.93
C04,CC-C04-D03,2026,4,1446.73
C04,CC-C04-D03,2026,5,1431.63
C04,CC-C04-D03,2026,6,1492.72
C04,CC-C04-D03,2026,7,1272.79
C04,CC-C04-D04,2025,6,2730.25
C04,CC-C04-D04,2025,7,2272.91
C04,CC-C04-D04,2025,8,2399.8
C04,CC-C04-D04,2025,9,2146.41
C04,CC-C04-D04,2025,10,2631.68
C04,CC-C04-D04,2025,11,2253.2
C04,CC-C04-D04,2025,12,2636.69
C04,CC-C04-D04,2026,1,2708.11
C04,CC-C04-D04,2026,2,2249.86
C04,CC-C04-D04,2026,3,2091.71
C04,CC-C04-D04,2026,4,2756.6
C04,CC-C04-D04,2026,5,2396.68
C04,CC-C04-D04,2026,6,2721.31
C04,CC-C04-D04,2026,7,2144.95
C04,CC-C04-D05,2025,6,2036.62
C04,CC-C04-D05,2025,7,1682.66
C04,CC-C04-D05,2025,8,2213.81
C04,CC-C04-D05,2025,9,1841.43
C04,CC-C04-D05,2025,10,1950.92
C04,CC-C04-D05,2025,11,1895.72
C04,CC-C04-D05,2025,12,2211.75
C04,CC-C04-D05,2026,1,2055.68
C04,CC-C04-D05,2026,2,2307.82
C04,CC-C04-D05,2026,3,2638.04
C04,CC-C04-D05,2026,4,2527.01
C04,CC-C04-D05,2026,5,2516.16
C04,CC-C04-D05,2026,6,2050.33
C04,CC-C04-D05,2026,7,2646.04
C04,CC-C04-D06,2025,6,5360.37
C04,CC-C04-D06,2025,7,5204.51
C04,CC-C04-D06,2025,8,5767.47
C04,CC-C04-D06,2025,9,5600.26
C04,CC-C04-D06,2025,10,5167.53
C04,CC-C04-D06,2025,11,4855.38
C04,CC-C04-D06,2025,12,4736.09
C04,CC-C04-D06,2026,1,4548.17
C04,CC-C04-D06,2026,2,5029.76
C04,CC-C04-D06,2026,3,5306.34
C04,CC-C04-D06,2026,4,5875.86
C04,CC-C04-D06,2026,5,5715.97
C04,CC-C04-D06,2026,6,5130.9
C04,CC-C04-D06,2026,7,5971.46
C04,CC-C04-D07,2025,6,1315.37
C04,CC-C04-D07,2025,7,1330.19
C04,CC-C04-D07,2025,8,1340.43
C04,CC-C04-D07,2025,9,1215.21
C04,CC-C04-D07,2025,10,1102.73
C04,CC-C04-D07,2025,11,1374.9
C04,CC-C04-D07,2025,12,1427.37
C04,CC-C04-D07,2026,1,1400.38
C04,CC-C04-D07,2026,2,1358.47
C04,CC-C04-D07,2026,3,1554.67
C04,CC-C04-D07,2026,4,1541.38
C04,CC-C04-D07,2026,5,1391.22
C04,CC-C04-D07,2026,6,1536.31
C04,CC-C04-D07,2026,7,1544.25
C04,CC-C04-D08,2025,6,4613.59
C04,CC-C04-D08,2025,7,5184.72
C04,CC-C04-D08,2025,8,5750.44
C04,CC-C04-D08,2025,9,4416.58
C04,CC-C04-D08,2025,10,5579.49
C04,CC-C04-D08,2025,11,5582.11
C04,CC-C04-D08,2025,12,4483.19
C04,CC-C04-D08,2026,1,5914.43
C04,CC-C04-D08,2026,2,5310.64
C04,CC-C04-D08,2026,3,4510.57
C04,CC-C04-D08,2026,4,4542.05
C04,CC-C04-D08,2026,5,5042.17
C04,CC-C04-D08,2026,6,5706.34
C04,CC-C04-D08,2026,7,5275.32
C04,CC-C04-D09,2025,6,3606.47
C04,CC-C04-D09,2025,7,3007.44
C04,CC-C04-D09,2025,8,3387.77
C04,CC-C04-D09,2025,9,3200.53
C04,CC-C04-D09,2025,10,3360.4
C04,CC-C04-D09,2025,11,3569.46
C04,CC-C04-D09,2025,12,2897.32
C04,CC-C04-D09,2026,1,3615.59
C04,CC-C04-D09,2026,2,3165.44
C04,CC-C04-D09,2026,3,3669.91
C04,CC-C04-D09,2026,4,3405.7
C04,CC-C04-D09,2026,5,3183.29
C04,CC-C04-D09,2026,6,2918.21
C04,CC-C04-D09,2026,7,3431.24
C04,CC-C04-D10,2025,6,3149.21
C04,CC-C04-D10,2025,7,2887.4
C04,CC-C04-D10,2025,8,2893.35
C04,CC-C04-D10,2025,9,2673.08
C04,CC-C04-D10,2025,10,2562.99
C04,CC-C04-D10,2025,11,2868.44
C04,CC-C04-D10,2025,12,2663.52
C04,CC-C04-D10,2026,1,2945.87
C04,CC-C04-D10,2026,2,2751.5
C04,CC-C04-D10,2026,3,2558.9
C04,CC-C04-D10,2026,4,2755.12
C04,CC-C04-D10,2026,5,3257.28
C04,CC-C04-D10,2026,6,3002.83
C04,CC-C04-D10,2026,7,2680.94
C04,CC-C04-D11,2025,6,3024.07
C04,CC-C04-D11,2025,7,2805.95
C04,CC-C04-D11,2025,8,2832.88
C04,CC-C04-D11,2025,9,2289.08
C04,CC-C04-D11,2025,10,2680.3
C04,CC-C04-D11,2025,11,2848.73
C04,CC-C04-D11,2025,12,2812.49
C04,CC-C04-D11,2026,1,3005.91
C04,CC-C04-D11,2026,2,3576.51
C04,CC-C04-D11,2026,3,3468.74
C04,CC-C04-D11,2026,4,2746.51
C04,CC-C04-D11,2026,5,3119.66
C04,CC-C04-D11,2026,6,3042.21
C04,CC-C04-D11,2026,7,2784.85
C05,CC-C05-D01,2025,6,5035.82
C05,CC-C05-D01,2025,7,4152.43
C05,CC-C05-D01,2025,8,5188.1
C05,CC-C05-D01,2025,9,4750.1
C05,CC-C05-D01,2025,10,4957.75
C05,CC-C05-D01,2025,11,4061.38
C05,CC-C05-D01,2025,12,3982.8
C05,CC-C05-D01,2026,1,5147.62
C05,CC-C05-D01,2026,2,5118.18
C05,CC-C05-D01,2026,3,5164.03
C05,CC-C05-D01,2026,4,4094.29
C05,CC-C05-D01,2026,5,4153.8
C05,CC-C05-D01,2026,6,5211.15
C05,CC-C05-D01,2026,7,5219.61
C05,CC-C05-D02,2025,6,1572.39
C05,CC-C05-D02,2025,7,1443.01
C05,CC-C05-D02,2025,8,1779.69
C05,CC-C05-D02,2025,9,1493.79
C05,CC-C05-D02,2025,10,1425.9
C05,CC-C05-D02,2025,11,1721.02
C05,CC-C05-D02,2025,12,1431.95
C05,CC-C05-D02,2026,1,1494.53
C05,CC-C05-D02,2026,2,1431.31
C05,CC-C05-D02,2026,3,1675.23
C05,CC-C05-D02,2026,4,1582.1
C05,CC-C05-D02,2026,5,1692.8
C05,CC-C05-D02,2026,6,1531.26
C05,CC-C05-D02,2026,7,1728.42
C05,CC-C05-D03,2025,6,2523.25
C05,CC-C05-D03,2025,7,2391.57
C05,CC-C05-D03,2025,8,2365.92
C05,CC-C05-D03,2025,9,2592.97
C05,CC-C05-D03,2025,10,1962.96
C05,CC-C05-D03,2025,11,1983.42
C05,CC-C05-D03,2025,12,2511.26
C05,CC-C05-D03,2026,1,2298.14
C05,CC-C05-D03,2026,2,2142.34
C05,CC-C05-D03,2026,3,2204.94
C05,CC-C05-D03,2026,4,2209.37
C05,CC-C05-D03,2026,5,2199.68
C05,CC-C05-D03,2026,6,2241.4
C05,CC-C05-D03,2026,7,2524.38
C05,CC-C05-D04,2025,6,504.37
C05,CC-C05-D04,2025,7,483.43
C05,CC-C05-D04,2025,8,545.08
C05,CC-C05-D04,2025,9,476.94
C05,CC-C05-D04,2025,10,576.81
C05,CC-C05-D04,2025,11,521.59
C05,CC-C05-D04,2025,12,511.47
C05,CC-C05-D04,2026,1,581.14
C05,CC-C05-D04,2026,2,531.16
C05,CC-C05-D04,2026,3,455.01
C05,CC-C05-D04,2026,4,533.26
C05,CC-C05-D04,2026,5,456.21
C05,CC-C05-D04,2026,6,567.82
C05,CC-C05-D04,2026,7,565.18
C05,CC-C05-D05,2025,6,897.14
C05,CC-C05-D05,2025,7,967.5
C05,CC-C05-D05,2025,8,1003.5
C05,CC-C05-D05,2025,9,965.01
C05,CC-C05-D05,2025,10,962.52
C05,CC-C05-D05,2025,11,941.57
C05,CC-C05-D05,2025,12,1068.17
C05,CC-C05-D05,2026,1,1280.53
C05,CC-C05-D05,2026,2,1051.0
C05,CC-C05-D05,2026,3,1241.97
C05,CC-C05-D05,2026,4,1036.44
C05,CC-C05-D05,2026,5,1318.31
C05,CC-C05-D05,2026,6,1025.52
C05,CC-C05-D05,2026,7,1317.86
C05,CC-C05-D06,2025,6,2244.16
C05,CC-C05-D06,2025,7,2055.9
C05,CC-C05-D06,2025,8,2171.13
C05,CC-C05-D06,2025,9,2037.17
C05,CC-C05-D06,2025,10,2138.05
C05,CC-C05-D06,2025,11,1816.38
C05,CC-C05-D06,2025,12,2034.0
C05,CC-C05-D06,2026,1,2382.41
C05,CC-C05-D06,2026,2,1894.75
C05,CC-C05-D06,2026,3,2131.97
C05,CC-C05-D06,2026,4,2300.77
C05,CC-C05-D06,2026,5,2035.05
C05,CC-C05-D06,2026,6,1822.55
C05,CC-C05-D06,2026,7,2168.93
C05,CC-C05-D07,2025,6,2247.79
C05,CC-C05-D07,2025,7,1972.69
C05,CC-C05-D07,2025,8,2467.73
C05,CC-C05-D07,2025,9,2276.0
C05,CC-C05-D07,2025,10,1913.81
C05,CC-C05-D07,2025,11,2394.11
C05,CC-C05-D07,2025,12,2496.22
C05,CC-C05-D07,2026,1,2610.79
C05,CC-C05-D07,2026,2,2754.97
C05,CC-C05-D07,2026,3,2887.89
C05,CC-C05-D07,2026,4,2302.62
C05,CC-C05-D07,2026,5,2684.27
C05,CC-C05-D07,2026,6,2796.28
C05,CC-C05-D07,2026,7,2242.55
C05,CC-C05-D08,2025,6,2166.29
C05,CC-C05-D08,2025,7,1988.37
C05,CC-C05-D08,2025,8,2105.3
C05,CC-C05-D08,2025,9,2379.74
C05,CC-C05-D08,2025,10,2322.87
C05,CC-C05-D08,2025,11,2232.25
C05,CC-C05-D08,2025,12,2312.18
C05,CC-C05-D08,2026,1,2403.98
C05,CC-C05-D08,2026,2,2064.75
C05,CC-C05-D08,2026,3,2510.23
C05,CC-C05-D08,2026,4,2491.28
C05,CC-C05-D08,2026,5,2495.3
C05,CC-C05-D08,2026,6,2038.88
C05,CC-C05-D08,2026,7,2555.39
C05,CC-C05-D09,2025,6,1415.87
C05,CC-C05-D09,2025,7,1520.84
C05,CC-C05-D09,2025,8,1311.42
C05,CC-C05-D09,2025,9,1597.45
C05,CC-C05-D09,2025,10,1566.16
C05,CC-C05-D09,2025,11,1474.09
C05,CC-C05-D09,2025,12,1471.34
C05,CC-C05-D09,2026,1,1445.03
C05,CC-C05-D09,2026,2,1628.74
C05,CC-C05-D09,2026,3,1264.61
C05,CC-C05-D09,2026,4,1494.02
C05,CC-C05-D09,2026,5,1224.64
C05,CC-C05-D09,2026,6,1451.62
C05,CC-C05-D09,2026,7,1408.25
C05,CC-C05-D10,2025,6,1946.56
C05,CC-C05-D10,2025,7,1997.08
C05,CC-C05-D10,2025,8,1930.81
C05,CC-C05-D10,2025,9,2387.59
C05,CC-C05-D10,2025,10,2331.92
C05,CC-C05-D10,2025,11,2396.19
C05,CC-C05-D10,2025,12,2099.38
C05,CC-C05-D10,2026,1,1804.42
C05,CC-C05-D10,2026,2,2000.68
C05,CC-C05-D10,2026,3,2220.79
C05,CC-C05-D10,2026,4,2281.05
C05,CC-C05-D10,2026,5,1903.54
C05,CC-C05-D10,2026,6,2025.43
C05,CC-C05-D10,2026,7,2320.62
C05,CC-C05-D11,2025,6,1271.98
C05,CC-C05-D11,2025,7,1315.78
C05,CC-C05-D11,2025,8,1223.93
C05,CC-C05-D11,2025,9,1224.58
C05,CC-C05-D11,2025,10,1405.54
C05,CC-C05-D11,2025,11,1333.97
C05,CC-C05-D11,2025,12,1513.41
C05,CC-C05-D11,2026,1,1891.98
C05,CC-C05-D11,2026,2,1515.98
C05,CC-C05-D11,2026,3,1730.31
C05,CC-C05-D11,2026,4,1582.24
C05,CC-C05-D11,2026,5,1657.72
C05,CC-C05-D11,2026,6,1540.19
C05,CC-C05-D11,2026,7,1570.81
C06,CC-C06-D01,2025,6,19305.6
C06,CC-C06-D01,2025,7,21682.75
C06,CC-C06-D01,2025,8,23182.92
C06,CC-C06-D01,2025,9,18179.39
C06,CC-C06-D01,2025,10,20756.09
C06,CC-C06-D01,2025,11,17542.89
C06,CC-C06-D01,2025,12,18442.29
C06,CC-C06-D01,2026,1,21806.84
C06,CC-C06-D01,2026,2,22873.88
C06,CC-C06-D01,2026,3,27459.4
C06,CC-C06-D01,2026,4,25258.43
C06,CC-C06-D01,2026,5,21029.72
C06,CC-C06-D01,2026,6,27817.63
C06,CC-C06-D01,2026,7,24646.39
C06,CC-C06-D02,2025,6,12509.62
C06,CC-C06-D02,2025,7,12853.74
C06,CC-C06-D02,2025,8,12891.69
C06,CC-C06-D02,2025,9,10543.46
C06,CC-C06-D02,2025,10,13131.43
C06,CC-C06-D02,2025,11,12543.91
C06,CC-C06-D02,2025,12,10039.42
C06,CC-C06-D02,2026,1,10631.37
C06,CC-C06-D02,2026,2,11436.14
C06,CC-C06-D02,2026,3,12232.95
C06,CC-C06-D02,2026,4,13262.97
C06,CC-C06-D02,2026,5,13181.64
C06,CC-C06-D02,2026,6,12894.89
C06,CC-C06-D02,2026,7,13329.9
C06,CC-C06-D03,2025,6,6844.18
C06,CC-C06-D03,2025,7,8246.46
C06,CC-C06-D03,2025,8,8494.91
C06,CC-C06-D03,2025,9,8209.62
C06,CC-C06-D03,2025,10,7885.48
C06,CC-C06-D03,2025,11,7671.43
C06,CC-C06-D03,2025,12,7546.98
C06,CC-C06-D03,2026,1,7260.79
C06,CC-C06-D03,2026,2,7385.45
C06,CC-C06-D03,2026,3,6779.1
C06,CC-C06-D03,2026,4,7972.37
C06,CC-C06-D03,2026,5,8350.21
C06,CC-C06-D03,2026,6,6748.45
C06,CC-C06-D03,2026,7,8730.85
C06,CC-C06-D04,2025,6,16089.58
C06,CC-C06-D04,2025,7,14416.76
C06,CC-C06-D04,2025,8,14246.71
C06,CC-C06-D04,2025,9,15155.91
C06,CC-C06-D04,2025,10,14920.16
C06,CC-C06-D04,2025,11,16687.19
C06,CC-C06-D04,2025,12,17281.93
C06,CC-C06-D04,2026,1,16954.45
C06,CC-C06-D04,2026,2,15331.82
C06,CC-C06-D04,2026,3,14249.07
C06,CC-C06-D04,2026,4,16582.76
C06,CC-C06-D04,2026,5,17557.51
C06,CC-C06-D04,2026,6,17647.43
C06,CC-C06-D04,2026,7,15790.42
C06,CC-C06-D05,2025,6,5981.87
C06,CC-C06-D05,2025,7,6840.18
C06,CC-C06-D05,2025,8,7657.79
C06,CC-C06-D05,2025,9,7054.08
C06,CC-C06-D05,2025,10,6312.92
C06,CC-C06-D05,2025,11,7451.93
C06,CC-C06-D05,2025,12,6088.83
C06,CC-C06-D05,2026,1,6690.4
C06,CC-C06-D05,2026,2,7706.34
C06,CC-C06-D05,2026,3,6679.6
C06,CC-C06-D05,2026,4,5871.91
C06,CC-C06-D05,2026,5,6478.57
C06,CC-C06-D05,2026,6,6721.97
C06,CC-C06-D05,2026,7,6224.98
C06,CC-C06-D06,2025,6,5636.4
C06,CC-C06-D06,2025,7,5797.73
C06,CC-C06-D06,2025,8,5625.7
C06,CC-C06-D06,2025,9,5280.52
C06,CC-C06-D06,2025,10,5487.81
C06,CC-C06-D06,2025,11,4840.37
C06,CC-C06-D06,2025,12,5744.02
C06,CC-C06-D06,2026,1,5246.49
C06,CC-C06-D06,2026,2,5834.3
C06,CC-C06-D06,2026,3,5935.85
C06,CC-C06-D06,2026,4,5727.31
C06,CC-C06-D06,2026,5,5035.05
C06,CC-C06-D06,2026,6,6309.27
C06,CC-C06-D06,2026,7,6105.58
C06,CC-C06-D07,2025,6,12156.8
C06,CC-C06-D07,2025,7,9217.58
C06,CC-C06-D07,2025,8,9547.96
C06,CC-C06-D07,2025,9,11429.25
C06,CC-C06-D07,2025,10,12132.16
C06,CC-C06-D07,2025,11,12193.05
C06,CC-C06-D07,2025,12,12075.3
C06,CC-C06-D07,2026,1,11209.87
C06,CC-C06-D07,2026,2,13437.39
C06,CC-C06-D07,2026,3,12838.48
C06,CC-C06-D07,2026,4,12908.08
C06,CC-C06-D07,2026,5,13270.66
C06,CC-C06-D07,2026,6,13292.73
C06,CC-C06-D07,2026,7,11324.13
C06,CC-C06-D08,2025,6,6751.92
C06,CC-C06-D08,2025,7,7367.84
C06,CC-C06-D08,2025,8,7265.63
C06,CC-C06-D08,2025,9,6917.62
C06,CC-C06-D08,2025,10,6420.1
C06,CC-C06-D08,2025,11,7741.76
C06,CC-C06-D08,2025,12,7451.38
C06,CC-C06-D08,2026,1,6690.8
C06,CC-C06-D08,2026,2,6060.7
C06,CC-C06-D08,2026,3,6351.69
C06,CC-C06-D08,2026,4,7661.88
C06,CC-C06-D08,2026,5,6820.45
C06,CC-C06-D08,2026,6,7300.08
C06,CC-C06-D08,2026,7,7415.12
C07,CC-C07-D01,2025,6,5207.23
C07,CC-C07-D01,2025,7,4717.31
C07,CC-C07-D01,2025,8,5355.89
C07,CC-C07-D01,2025,9,5004.63
C07,CC-C07-D01,2025,10,6036.17
C07,CC-C07-D01,2025,11,6099.12
C07,CC-C07-D01,2025,12,4831.2
C07,CC-C07-D01,2026,1,5505.58
C07,CC-C07-D01,2026,2,5530.52
C07,CC-C07-D01,2026,3,7057.82
C07,CC-C07-D01,2026,4,6690.95
C07,CC-C07-D01,2026,5,5881.41
C07,CC-C07-D01,2026,6,6457.68
C07,CC-C07-D01,2026,7,6650.73
C07,CC-C07-D02,2025,6,4276.9
C07,CC-C07-D02,2025,7,3585.0
C07,CC-C07-D02,2025,8,3678.75
C07,CC-C07-D02,2025,9,3439.41
C07,CC-C07-D02,2025,10,3439.02
C07,CC-C07-D02,2025,11,4022.69
C07,CC-C07-D02,2025,12,3666.81
C07,CC-C07-D02,2026,1,3907.4
C07,CC-C07-D02,2026,2,4049.27
C07,CC-C07-D02,2026,3,3694.38
C07,CC-C07-D02,2026,4,3510.06
C07,CC-C07-D02,2026,5,3888.73
C07,CC-C07-D02,2026,6,3573.99
C07,CC-C07-D02,2026,7,4331.01
C07,CC-C07-D03,2025,6,4767.66
C07,CC-C07-D03,2025,7,4293.77
C07,CC-C07-D03,2025,8,5057.32
C07,CC-C07-D03,2025,9,4779.49
C07,CC-C07-D03,2025,10,4338.95
C07,CC-C07-D03,2025,11,4664.9
C07,CC-C07-D03,2025,12,5252.02
C07,CC-C07-D03,2026,1,6507.72
C07,CC-C07-D03,2026,2,5258.55
C07,CC-C07-D03,2026,3,5590.33
C07,CC-C07-D03,2026,4,5406.79
C07,CC-C07-D03,2026,5,5283.96
C07,CC-C07-D03,2026,6,6280.44
C07,CC-C07-D03,2026,7,6635.61
C07,CC-C07-D04,2025,6,1790.68
C07,CC-C07-D04,2025,7,1877.45
C07,CC-C07-D04,2025,8,2115.6
C07,CC-C07-D04,2025,9,2102.2
C07,CC-C07-D04,2025,10,2156.66
C07,CC-C07-D04,2025,11,2200.29
C07,CC-C07-D04,2025,12,2237.99
C07,CC-C07-D04,2026,1,1914.11
C07,CC-C07-D04,2026,2,1983.02
C07,CC-C07-D04,2026,3,1947.7
C07,CC-C07-D04,2026,4,2101.11
C07,CC-C07-D04,2026,5,2064.8
C07,CC-C07-D04,2026,6,1711.01
C07,CC-C07-D04,2026,7,2022.3
C07,CC-C07-D05,2025,6,4200.48
C07,CC-C07-D05,2025,7,4113.22
C07,CC-C07-D05,2025,8,4021.55
C07,CC-C07-D05,2025,9,3292.98
C07,CC-C07-D05,2025,10,4382.28
C07,CC-C07-D05,2025,11,3765.12
C07,CC-C07-D05,2025,12,3577.12
C07,CC-C07-D05,2026,1,4808.8
C07,CC-C07-D05,2026,2,4997.78
C07,CC-C07-D05,2026,3,4411.32
C07,CC-C07-D05,2026,4,4068.68
C07,CC-C07-D05,2026,5,4440.77
C07,CC-C07-D05,2026,6,4092.85
C07,CC-C07-D05,2026,7,4321.41
C07,CC-C07-D06,2025,6,2389.48
C07,CC-C07-D06,2025,7,2392.52
C07,CC-C07-D06,2025,8,2244.7
C07,CC-C07-D06,2025,9,2277.99
C07,CC-C07-D06,2025,10,1955.92
C07,CC-C07-D06,2025,11,2249.45
C07,CC-C07-D06,2025,12,2577.59
C07,CC-C07-D06,2026,1,2842.01
C07,CC-C07-D06,2026,2,2583.61
C07,CC-C07-D06,2026,3,2814.85
C07,CC-C07-D06,2026,4,2354.48
C07,CC-C07-D06,2026,5,2690.72
C07,CC-C07-D06,2026,6,3071.67
C07,CC-C07-D06,2026,7,2909.23
C07,CC-C07-D07,2025,6,4863.94
C07,CC-C07-D07,2025,7,3972.88
C07,CC-C07-D07,2025,8,4450.47
C07,CC-C07-D07,2025,9,4700.51
C07,CC-C07-D07,2025,10,3979.08
C07,CC-C07-D07,2025,11,3694.37
C07,CC-C07-D07,2025,12,4383.81
C07,CC-C07-D07,2026,1,3738.51
C07,CC-C07-D07,2026,2,4499.54
C07,CC-C07-D07,2026,3,4416.99
C07,CC-C07-D07,2026,4,4192.06
C07,CC-C07-D07,2026,5,4685.2
C07,CC-C07-D07,2026,6,3908.73
C07,CC-C07-D07,2026,7,4460.04
C07,CC-C07-D08,2025,6,3002.74
C07,CC-C07-D08,2025,7,3036.26
C07,CC-C07-D08,2025,8,2394.8
C07,CC-C07-D08,2025,9,2846.15
C07,CC-C07-D08,2025,10,3074.11
C07,CC-C07-D08,2025,11,2915.33
C07,CC-C07-D08,2025,12,2787.49
C07,CC-C07-D08,2026,1,3072.59
C07,CC-C07-D08,2026,2,3000.76
C07,CC-C07-D08,2026,3,2908.45
C07,CC-C07-D08,2026,4,2774.92
C07,CC-C07-D08,2026,5,2742.81
C07,CC-C07-D08,2026,6,3050.66
C07,CC-C07-D08,2026,7,3067.96
C08,CC-C08-D01,2025,6,3825.87
C08,CC-C08-D01,2025,7,4275.5
C08,CC-C08-D01,2025,8,4406.12
C08,CC-C08-D01,2025,9,4603.7
C08,CC-C08-D01,2025,10,3659.61
C08,CC-C08-D01,2025,11,4545.85
C08,CC-C08-D01,2025,12,3825.1
C08,CC-C08-D01,2026,1,3932.24
C08,CC-C08-D01,2026,2,4338.14
C08,CC-C08-D01,2026,3,4518.42
C08,CC-C08-D01,2026,4,3607.86
C08,CC-C08-D01,2026,5,4434.81
C08,CC-C08-D01,2026,6,4559.83
C08,CC-C08-D01,2026,7,4503.5
C08,CC-C08-D02,2025,6,979.0
C08,CC-C08-D02,2025,7,1056.74
C08,CC-C08-D02,2025,8,930.58
C08,CC-C08-D02,2025,9,924.24
C08,CC-C08-D02,2025,10,797.1
C08,CC-C08-D02,2025,11,905.01
C08,CC-C08-D02,2025,12,866.69
C08,CC-C08-D02,2026,1,1059.9
C08,CC-C08-D02,2026,2,998.99
C08,CC-C08-D02,2026,3,1208.91
C08,CC-C08-D02,2026,4,1257.29
C08,CC-C08-D02,2026,5,1115.56
C08,CC-C08-D02,2026,6,987.45
C08,CC-C08-D02,2026,7,1019.49
C08,CC-C08-D03,2025,6,1389.5
C08,CC-C08-D03,2025,7,1783.3
C08,CC-C08-D03,2025,8,1387.55
C08,CC-C08-D03,2025,9,1549.8
C08,CC-C08-D03,2025,10,1745.01
C08,CC-C08-D03,2025,11,1450.47
C08,CC-C08-D03,2025,12,1536.71
C08,CC-C08-D03,2026,1,1741.22
C08,CC-C08-D03,2026,2,1576.74
C08,CC-C08-D03,2026,3,1419.52
C08,CC-C08-D03,2026,4,1672.88
C08,CC-C08-D03,2026,5,1413.99
C08,CC-C08-D03,2026,6,1432.66
C08,CC-C08-D03,2026,7,1832.55
C08,CC-C08-D04,2025,6,752.62
C08,CC-C08-D04,2025,7,983.24
C08,CC-C08-D04,2025,8,965.25
C08,CC-C08-D04,2025,9,899.6
C08,CC-C08-D04,2025,10,758.28
C08,CC-C08-D04,2025,11,986.46
C08,CC-C08-D04,2025,12,983.57
C08,CC-C08-D04,2026,1,800.36
C08,CC-C08-D04,2026,2,908.79
C08,CC-C08-D04,2026,3,817.56
C08,CC-C08-D04,2026,4,867.86
C08,CC-C08-D04,2026,5,953.95
C08,CC-C08-D04,2026,6,959.27
C08,CC-C08-D04,2026,7,908.09
C08,CC-C08-D05,2025,6,1372.83
C08,CC-C08-D05,2025,7,1498.03
C08,CC-C08-D05,2025,8,1458.01
C08,CC-C08-D05,2025,9,1331.34
C08,CC-C08-D05,2025,10,1507.97
C08,CC-C08-D05,2025,11,1336.76
C08,CC-C08-D05,2025,12,1460.14
C08,CC-C08-D05,2026,1,1608.56
C08,CC-C08-D05,2026,2,1536.25
C08,CC-C08-D05,2026,3,1354.13
C08,CC-C08-D05,2026,4,1534.5
C08,CC-C08-D05,2026,5,1581.72
C08,CC-C08-D05,2026,6,1260.88
C08,CC-C08-D05,2026,7,1549.88
C08,CC-C08-D06,2025,6,1269.76
C08,CC-C08-D06,2025,7,1386.86
C08,CC-C08-D06,2025,8,1363.83
C08,CC-C08-D06,2025,9,1312.1
C08,CC-C08-D06,2025,10,1586.53
C08,CC-C08-D06,2025,11,1387.99
C08,CC-C08-D06,2025,12,1254.85
C08,CC-C08-D06,2026,1,1871.64
C08,CC-C08-D06,2026,2,1602.33
C08,CC-C08-D06,2026,3,1936.82
C08,CC-C08-D06,2026,4,1511.24
C08,CC-C08-D06,2026,5,1666.23
C08,CC-C08-D06,2026,6,1936.22
C08,CC-C08-D06,2026,7,1526.43
C08,CC-C08-D07,2025,6,2423.22
C08,CC-C08-D07,2025,7,2365.44
C08,CC-C08-D07,2025,8,2234.62
C08,CC-C08-D07,2025,9,2113.59
C08,CC-C08-D07,2025,10,2348.62
C08,CC-C08-D07,2025,11,2440.95
C08,CC-C08-D07,2025,12,2372.85
C08,CC-C08-D07,2026,1,1895.44
C08,CC-C08-D07,2026,2,2257.61
C08,CC-C08-D07,2026,3,2205.48
C08,CC-C08-D07,2026,4,1930.98
C08,CC-C08-D07,2026,5,1958.32
C08,CC-C08-D07,2026,6,2460.5
C08,CC-C08-D07,2026,7,2503.03
C08,CC-C08-D08,2025,6,709.34
C08,CC-C08-D08,2025,7,703.96
C08,CC-C08-D08,2025,8,677.44
C08,CC-C08-D08,2025,9,797.61
C08,CC-C08-D08,2025,10,691.91
C08,CC-C08-D08,2025,11,635.15
C08,CC-C08-D08,2025,12,623.21
C08,CC-C08-D08,2026,1,725.41
C08,CC-C08-D08,2026,2,616.34
C08,CC-C08-D08,2026,3,611.73
C08,CC-C08-D08,2026,4,732.78
C08,CC-C08-D08,2026,5,751.11
C08,CC-C08-D08,2026,6,683.08
C08,CC-C08-D08,2026,7,648.0
C09,CC-C09-D01,2025,6,15862.28
C09,CC-C09-D01,2025,7,19773.38
C09,CC-C09-D01,2025,8,19946.61
C09,CC-C09-D01,2025,9,20513.86
C09,CC-C09-D01,2025,10,18253.89
C09,CC-C09-D01,2025,11,20813.06
C09,CC-C09-D01,2025,12,20992.73
C09,CC-C09-D01,2026,1,22757.44
C09,CC-C09-D01,2026,2,24917.2
C09,CC-C09-D01,2026,3,23776.06
C09,CC-C09-D01,2026,4,24786.32
C09,CC-C09-D01,2026,5,21926.11
C09,CC-C09-D01,2026,6,20849.49
C09,CC-C09-D01,2026,7,19882.0
C09,CC-C09-D02,2025,6,5450.38
C09,CC-C09-D02,2025,7,5053.38
C09,CC-C09-D02,2025,8,4672.69
C09,CC-C09-D02,2025,9,5067.58
C09,CC-C09-D02,2025,10,4582.17
C09,CC-C09-D02,2025,11,5474.99
C09,CC-C09-D02,2025,12,4900.44
C09,CC-C09-D02,2026,1,5362.07
C09,CC-C09-D02,2026,2,5374.99
C09,CC-C09-D02,2026,3,4698.64
C09,CC-C09-D02,2026,4,5435.57
C09,CC-C09-D02,2026,5,4516.25
C09,CC-C09-D02,2026,6,5287.94
C09,CC-C09-D02,2026,7,5562.54
C09,CC-C09-D03,2025,6,13148.87
C09,CC-C09-D03,2025,7,12413.63
C09,CC-C09-D03,2025,8,12993.88
C09,CC-C09-D03,2025,9,12383.3
C09,CC-C09-D03,2025,10,10854.06
C09,CC-C09-D03,2025,11,11070.71
C09,CC-C09-D03,2025,12,11348.6
C09,CC-C09-D03,2026,1,13853.88
C09,CC-C09-D03,2026,2,11414.89
C09,CC-C09-D03,2026,3,12238.35
C09,CC-C09-D03,2026,4,11051.84
C09,CC-C09-D03,2026,5,10465.01
C09,CC-C09-D03,2026,6,11658.0
C09,CC-C09-D03,2026,7,13192.9
C09,CC-C09-D04,2025,6,5028.94
C09,CC-C09-D04,2025,7,5406.93
C09,CC-C09-D04,2025,8,6177.09
C09,CC-C09-D04,2025,9,5309.73
C09,CC-C09-D04,2025,10,5672.45
C09,CC-C09-D04,2025,11,5096.0
C09,CC-C09-D04,2025,12,5072.34
C09,CC-C09-D04,2026,1,5410.34
C09,CC-C09-D04,2026,2,6481.52
C09,CC-C09-D04,2026,3,6324.97
C09,CC-C09-D04,2026,4,6524.11
C09,CC-C09-D04,2026,5,5809.35
C09,CC-C09-D04,2026,6,5613.77
C09,CC-C09-D04,2026,7,6360.23
C09,CC-C09-D05,2025,6,8642.62
C09,CC-C09-D05,2025,7,10875.18
C09,CC-C09-D05,2025,8,9160.56
C09,CC-C09-D05,2025,9,8707.82
C09,CC-C09-D05,2025,10,8897.03
C09,CC-C09-D05,2025,11,9439.58
C09,CC-C09-D05,2025,12,8789.31
C09,CC-C09-D05,2026,1,10884.5
C09,CC-C09-D05,2026,2,9688.74
C09,CC-C09-D05,2026,3,10969.29
C09,CC-C09-D05,2026,4,10970.54
C09,CC-C09-D05,2026,5,8919.34
C09,CC-C09-D05,2026,6,10143.48
C09,CC-C09-D05,2026,7,10562.63
C09,CC-C09-D06,2025,6,10365.74
C09,CC-C09-D06,2025,7,9365.34
C09,CC-C09-D06,2025,8,11150.46
C09,CC-C09-D06,2025,9,9970.54
C09,CC-C09-D06,2025,10,8956.11
C09,CC-C09-D06,2025,11,9064.83
C09,CC-C09-D06,2025,12,9693.43
C09,CC-C09-D06,2026,1,10517.63
C09,CC-C09-D06,2026,2,11011.97
C09,CC-C09-D06,2026,3,10464.4
C09,CC-C09-D06,2026,4,9212.05
C09,CC-C09-D06,2026,5,10656.42
C09,CC-C09-D06,2026,6,9018.13
C09,CC-C09-D06,2026,7,10392.47
C09,CC-C09-D07,2025,6,11797.64
C09,CC-C09-D07,2025,7,11446.22
C09,CC-C09-D07,2025,8,11131.55
C09,CC-C09-D07,2025,9,11333.06
C09,CC-C09-D07,2025,10,10102.58
C09,CC-C09-D07,2025,11,10869.44
C09,CC-C09-D07,2025,12,9817.01
C09,CC-C09-D07,2026,1,10470.09
C09,CC-C09-D07,2026,2,12320.73
C09,CC-C09-D07,2026,3,11911.17
C09,CC-C09-D07,2026,4,11237.61
C09,CC-C09-D07,2026,5,11424.69
C09,CC-C09-D07,2026,6,10228.99
C09,CC-C09-D07,2026,7,10706.91
C09,CC-C09-D08,2025,6,9731.6
C09,CC-C09-D08,2025,7,11234.18
C09,CC-C09-D08,2025,8,11694.35
C09,CC-C09-D08,2025,9,11022.67
C09,CC-C09-D08,2025,10,11155.88
C09,CC-C09-D08,2025,11,10100.69
C09,CC-C09-D08,2025,12,11655.1
C09,CC-C09-D08,2026,1,10892.22
C09,CC-C09-D08,2026,2,13038.84
C09,CC-C09-D08,2026,3,12431.07
C09,CC-C09-D08,2026,4,12223.94
C09,CC-C09-D08,2026,5,12955.77
C09,CC-C09-D08,2026,6,9689.41
C09,CC-C09-D08,2026,7,12946.32
C09,CC-C09-D09,2025,6,2440.21
C09,CC-C09-D09,2025,7,2485.16
C09,CC-C09-D09,2025,8,2730.51
C09,CC-C09-D09,2025,9,2322.26
C09,CC-C09-D09,2025,10,2320.39
C09,CC-C09-D09,2025,11,2245.43
C09,CC-C09-D09,2025,12,2387.7
C09,CC-C09-D09,2026,1,2878.51
C09,CC-C09-D09,2026,2,3293.98
C09,CC-C09-D09,2026,3,3026.58
C09,CC-C09-D09,2026,4,3334.57
C09,CC-C09-D09,2026,5,3250.28
C09,CC-C09-D09,2026,6,2949.49
C09,CC-C09-D09,2026,7,3483.46
C10,CC-C10-D01,2025,6,2260.93
C10,CC-C10-D01,2025,7,2407.47
C10,CC-C10-D01,2025,8,2592.23
C10,CC-C10-D01,2025,9,2229.97
C10,CC-C10-D01,2025,10,2332.79
C10,CC-C10-D01,2025,11,2316.6
C10,CC-C10-D01,2025,12,2797.4
C10,CC-C10-D01,2026,1,2639.6
C10,CC-C10-D01,2026,2,2591.14
C10,CC-C10-D01,2026,3,2624.15
C10,CC-C10-D01,2026,4,2411.48
C10,CC-C10-D01,2026,5,2195.03
C10,CC-C10-D01,2026,6,2747.01
C10,CC-C10-D01,2026,7,2560.68
C10,CC-C10-D02,2025,6,4568.23
C10,CC-C10-D02,2025,7,4420.91
C10,CC-C10-D02,2025,8,3970.74
C10,CC-C10-D02,2025,9,4424.42
C10,CC-C10-D02,2025,10,3752.88
C10,CC-C10-D02,2025,11,4221.67
C10,CC-C10-D02,2025,12,4950.73
C10,CC-C10-D02,2026,1,4032.42
C10,CC-C10-D02,2026,2,4770.68
C10,CC-C10-D02,2026,3,3953.58
C10,CC-C10-D02,2026,4,4092.18
C10,CC-C10-D02,2026,5,5026.95
C10,CC-C10-D02,2026,6,4665.68
C10,CC-C10-D02,2026,7,4206.57
C10,CC-C10-D03,2025,6,2724.49
C10,CC-C10-D03,2025,7,2492.77
C10,CC-C10-D03,2025,8,2631.18
C10,CC-C10-D03,2025,9,2625.81
C10,CC-C10-D03,2025,10,2686.89
C10,CC-C10-D03,2025,11,3097.43
C10,CC-C10-D03,2025,12,2712.92
C10,CC-C10-D03,2026,1,2407.36
C10,CC-C10-D03,2026,2,2414.1
C10,CC-C10-D03,2026,3,2818.22
C10,CC-C10-D03,2026,4,2718.1
C10,CC-C10-D03,2026,5,2533.84
C10,CC-C10-D03,2026,6,2525.8
C10,CC-C10-D03,2026,7,2841.76
C10,CC-C10-D04,2025,6,2454.29
C10,CC-C10-D04,2025,7,2624.83
C10,CC-C10-D04,2025,8,2591.35
C10,CC-C10-D04,2025,9,2355.63
C10,CC-C10-D04,2025,10,2819.55
C10,CC-C10-D04,2025,11,2813.19
C10,CC-C10-D04,2025,12,2454.73
C10,CC-C10-D04,2026,1,2799.42
C10,CC-C10-D04,2026,2,3237.23
C10,CC-C10-D04,2026,3,3155.11
C10,CC-C10-D04,2026,4,2741.19
C10,CC-C10-D04,2026,5,3049.37
C10,CC-C10-D04,2026,6,2556.48
C10,CC-C10-D04,2026,7,2916.05
C10,CC-C10-D05,2025,6,1616.01
C10,CC-C10-D05,2025,7,1873.54
C10,CC-C10-D05,2025,8,1637.1
C10,CC-C10-D05,2025,9,1743.48
C10,CC-C10-D05,2025,10,1467.62
C10,CC-C10-D05,2025,11,1632.61
C10,CC-C10-D05,2025,12,1956.01
C10,CC-C10-D05,2026,1,1767.04
C10,CC-C10-D05,2026,2,1758.6
C10,CC-C10-D05,2026,3,1667.7
C10,CC-C10-D05,2026,4,1955.6
C10,CC-C10-D05,2026,5,1566.46
C10,CC-C10-D05,2026,6,1547.08
C10,CC-C10-D05,2026,7,1564.15
C10,CC-C10-D06,2025,6,3804.81
C10,CC-C10-D06,2025,7,4717.37
C10,CC-C10-D06,2025,8,5123.06
C10,CC-C10-D06,2025,9,4439.79
C10,CC-C10-D06,2025,10,4619.68
C10,CC-C10-D06,2025,11,4124.41
C10,CC-C10-D06,2025,12,4137.81
C10,CC-C10-D06,2026,1,3857.72
C10,CC-C10-D06,2026,2,4898.69
C10,CC-C10-D06,2026,3,4240.59
C10,CC-C10-D06,2026,4,4122.5
C10,CC-C10-D06,2026,5,3883.31
C10,CC-C10-D06,2026,6,4605.41
C10,CC-C10-D06,2026,7,4716.17
C10,CC-C10-D07,2025,6,1226.78
C10,CC-C10-D07,2025,7,1390.58
C10,CC-C10-D07,2025,8,1282.6
C10,CC-C10-D07,2025,9,1200.77
C10,CC-C10-D07,2025,10,1198.98
C10,CC-C10-D07,2025,11,1200.75
C10,CC-C10-D07,2025,12,1255.77
C10,CC-C10-D07,2026,1,1320.92
C10,CC-C10-D07,2026,2,1252.56
C10,CC-C10-D07,2026,3,1367.08
C10,CC-C10-D07,2026,4,1447.94
C10,CC-C10-D07,2026,5,1240.81
C10,CC-C10-D07,2026,6,1322.13
C10,CC-C10-D07,2026,7,1291.55
C10,CC-C10-D08,2025,6,1385.42
C10,CC-C10-D08,2025,7,1165.17
C10,CC-C10-D08,2025,8,1155.34
C10,CC-C10-D08,2025,9,1113.43
C10,CC-C10-D08,2025,10,1271.75
C10,CC-C10-D08,2025,11,1193.51
C10,CC-C10-D08,2025,12,1242.2
C10,CC-C10-D08,2026,1,1407.15
C10,CC-C10-D08,2026,2,1252.69
C10,CC-C10-D08,2026,3,1240.32
C10,CC-C10-D08,2026,4,1213.49
C10,CC-C10-D08,2026,5,1165.23
C10,CC-C10-D08,2026,6,1140.95
C10,CC-C10-D08,2026,7,1374.32
C10,CC-C10-D09,2025,6,3122.72
C10,CC-C10-D09,2025,7,3796.13
C10,CC-C10-D09,2025,8,3107.1
C10,CC-C10-D09,2025,9,3958.94
C10,CC-C10-D09,2025,10,3095.79
C10,CC-C10-D09,2025,11,4035.6
C10,CC-C10-D09,2025,12,3220.92
C10,CC-C10-D09,2026,1,4874.21
C10,CC-C10-D09,2026,2,4200.21
C10,CC-C10-D09,2026,3,4101.61
C10,CC-C10-D09,2026,4,3836.96
C10,CC-C10-D09,2026,5,4034.95
C10,CC-C10-D09,2026,6,4217.0
C10,CC-C10-D09,2026,7,4641.38
C11,CC-C11-D01,2025,6,2570.93
C11,CC-C11-D01,2025,7,2245.97
C11,CC-C11-D01,2025,8,2554.45
C11,CC-C11-D01,2025,9,2647.09
C11,CC-C11-D01,2025,10,2523.05
C11,CC-C11-D01,2025,11,2099.54
C11,CC-C11-D01,2025,12,2722.59
C11,CC-C11-D01,2026,1,2376.94
C11,CC-C11-D01,2026,2,2329.43
C11,CC-C11-D01,2026,3,2380.71
C11,CC-C11-D01,2026,4,2322.65
C11,CC-C11-D01,2026,5,2683.0
C11,CC-C11-D01,2026,6,2168.94
C11,CC-C11-D01,2026,7,2248.77
C11,CC-C11-D02,2025,6,2511.09
C11,CC-C11-D02,2025,7,2471.28
C11,CC-C11-D02,2025,8,2028.7
C11,CC-C11-D02,2025,9,1979.7
C11,CC-C11-D02,2025,10,2394.23
C11,CC-C11-D02,2025,11,2447.54
C11,CC-C11-D02,2025,12,2157.55
C11,CC-C11-D02,2026,1,3024.34
C11,CC-C11-D02,2026,2,2791.24
C11,CC-C11-D02,2026,3,3049.04
C11,CC-C11-D02,2026,4,2406.3
C11,CC-C11-D02,2026,5,3078.66
C11,CC-C11-D02,2026,6,2882.73
C11,CC-C11-D02,2026,7,2591.55
C11,CC-C11-D03,2025,6,2720.87
C11,CC-C11-D03,2025,7,2684.46
C11,CC-C11-D03,2025,8,2536.38
C11,CC-C11-D03,2025,9,2728.73
C11,CC-C11-D03,2025,10,2956.84
C11,CC-C11-D03,2025,11,3242.61
C11,CC-C11-D03,2025,12,2667.75
C11,CC-C11-D03,2026,1,3373.24
C11,CC-C11-D03,2026,2,2654.84
C11,CC-C11-D03,2026,3,3106.3
C11,CC-C11-D03,2026,4,3176.03
C11,CC-C11-D03,2026,5,3139.19
C11,CC-C11-D03,2026,6,2688.01
C11,CC-C11-D03,2026,7,3369.26
C11,CC-C11-D04,2025,6,2489.71
C11,CC-C11-D04,2025,7,2092.34
C11,CC-C11-D04,2025,8,2522.9
C11,CC-C11-D04,2025,9,2533.39
C11,CC-C11-D04,2025,10,2209.87
C11,CC-C11-D04,2025,11,2374.29
C11,CC-C11-D04,2025,12,2209.26
C11,CC-C11-D04,2026,1,2489.13
C11,CC-C11-D04,2026,2,2753.33
C11,CC-C11-D04,2026,3,2446.35
C11,CC-C11-D04,2026,4,2685.62
C11,CC-C11-D04,2026,5,2560.58
C11,CC-C11-D04,2026,6,3116.72
C11,CC-C11-D04,2026,7,2664.53
C11,CC-C11-D05,2025,6,1711.24
C11,CC-C11-D05,2025,7,1537.56
C11,CC-C11-D05,2025,8,1477.85
C11,CC-C11-D05,2025,9,1891.04
C11,CC-C11-D05,2025,10,1670.71
C11,CC-C11-D05,2025,11,1592.08
C11,CC-C11-D05,2025,12,1498.85
C11,CC-C11-D05,2026,1,2156.15
C11,CC-C11-D05,2026,2,1714.74
C11,CC-C11-D05,2026,3,2209.34
C11,CC-C11-D05,2026,4,1955.37
C11,CC-C11-D05,2026,5,1869.98
C11,CC-C11-D05,2026,6,1845.41
C11,CC-C11-D05,2026,7,1824.61
C11,CC-C11-D06,2025,6,2937.07
C11,CC-C11-D06,2025,7,2815.92
C11,CC-C11-D06,2025,8,2487.05
C11,CC-C11-D06,2025,9,2281.43
C11,CC-C11-D06,2025,10,2889.22
C11,CC-C11-D06,2025,11,2465.25
C11,CC-C11-D06,2025,12,3053.25
C11,CC-C11-D06,2026,1,2401.3
C11,CC-C11-D06,2026,2,2683.77
C11,CC-C11-D06,2026,3,2647.36
C11,CC-C11-D06,2026,4,3038.49
C11,CC-C11-D06,2026,5,2356.76
C11,CC-C11-D06,2026,6,2294.88
C11,CC-C11-D06,2026,7,2348.9
C11,CC-C11-D07,2025,6,1405.8
C11,CC-C11-D07,2025,7,1331.7
C11,CC-C11-D07,2025,8,1365.18
C11,CC-C11-D07,2025,9,1433.59
C11,CC-C11-D07,2025,10,1611.5
C11,CC-C11-D07,2025,11,1431.11
C11,CC-C11-D07,2025,12,1327.47
C11,CC-C11-D07,2026,1,1842.95
C11,CC-C11-D07,2026,2,1599.91
C11,CC-C11-D07,2026,3,1644.08
C11,CC-C11-D07,2026,4,1759.83
C11,CC-C11-D07,2026,5,1865.58
C11,CC-C11-D07,2026,6,1739.97
C11,CC-C11-D07,2026,7,1647.86
C11,CC-C11-D08,2025,6,2183.03
C11,CC-C11-D08,2025,7,2262.32
C11,CC-C11-D08,2025,8,2340.53
C11,CC-C11-D08,2025,9,2084.48
C11,CC-C11-D08,2025,10,2024.46
C11,CC-C11-D08,2025,11,2068.08
C11,CC-C11-D08,2025,12,1983.81
C11,CC-C11-D08,2026,1,1783.16
C11,CC-C11-D08,2026,2,2115.55
C11,CC-C11-D08,2026,3,2031.3
C11,CC-C11-D08,2026,4,2245.35
C11,CC-C11-D08,2026,5,1759.2
C11,CC-C11-D08,2026,6,2115.8
C11,CC-C11-D08,2026,7,1888.23
C11,CC-C11-D09,2025,6,1771.47
C11,CC-C11-D09,2025,7,1900.9
C11,CC-C11-D09,2025,8,1508.28
C11,CC-C11-D09,2025,9,1661.99
C11,CC-C11-D09,2025,10,1942.77
C11,CC-C11-D09,2025,11,1515.5
C11,CC-C11-D09,2025,12,1552.69
C11,CC-C11-D09,2026,1,1870.59
C11,CC-C11-D09,2026,2,2060.84
C11,CC-C11-D09,2026,3,2108.29
C11,CC-C11-D09,2026,4,1797.79
C11,CC-C11-D09,2026,5,1992.3
C11,CC-C11-D09,2026,6,2091.98
C11,CC-C11-D09,2026,7,2172.96
C12,CC-C12-D01,2025,6,11421.65
C12,CC-C12-D01,2025,7,11602.59
C12,CC-C12-D01,2025,8,13689.35
C12,CC-C12-D01,2025,9,12493.98
C12,CC-C12-D01,2025,10,10686.79
C12,CC-C12-D01,2025,11,12707.33
C12,CC-C12-D01,2025,12,13962.39
C12,CC-C12-D01,2026,1,11318.18
C12,CC-C12-D01,2026,2,10696.94
C12,CC-C12-D01,2026,3,13627.11
C12,CC-C12-D01,2026,4,12457.59
C12,CC-C12-D01,2026,5,13758.04
C12,CC-C12-D01,2026,6,13486.0
C12,CC-C12-D01,2026,7,10633.54
C12,CC-C12-D02,2025,6,9941.31
C12,CC-C12-D02,2025,7,12367.14
C12,CC-C12-D02,2025,8,11605.88
C12,CC-C12-D02,2025,9,12557.7
C12,CC-C12-D02,2025,10,12063.68
C12,CC-C12-D02,2025,11,10886.83
C12,CC-C12-D02,2025,12,12117.3
C12,CC-C12-D02,2026,1,12206.32
C12,CC-C12-D02,2026,2,10735.67
C12,CC-C12-D02,2026,3,11427.68
C12,CC-C12-D02,2026,4,11037.68
C12,CC-C12-D02,2026,5,10151.42
C12,CC-C12-D02,2026,6,10751.3
C12,CC-C12-D02,2026,7,10055.0
C12,CC-C12-D03,2025,6,2974.42
C12,CC-C12-D03,2025,7,2761.85
C12,CC-C12-D03,2025,8,2942.37
C12,CC-C12-D03,2025,9,3157.73
C12,CC-C12-D03,2025,10,2555.49
C12,CC-C12-D03,2025,11,2790.84
C12,CC-C12-D03,2025,12,2506.37
C12,CC-C12-D03,2026,1,2786.09
C12,CC-C12-D03,2026,2,3032.92
C12,CC-C12-D03,2026,3,2524.83
C12,CC-C12-D03,2026,4,3291.87
C12,CC-C12-D03,2026,5,2513.02
C12,CC-C12-D03,2026,6,3343.71
C12,CC-C12-D03,2026,7,2792.82
C12,CC-C12-D04,2025,6,8538.44
C12,CC-C12-D04,2025,7,8995.8
C12,CC-C12-D04,2025,8,7385.68
C12,CC-C12-D04,2025,9,6997.69
C12,CC-C12-D04,2025,10,9261.83
C12,CC-C12-D04,2025,11,8491.16
C12,CC-C12-D04,2025,12,9265.19
C12,CC-C12-D04,2026,1,7865.68
C12,CC-C12-D04,2026,2,7848.49
C12,CC-C12-D04,2026,3,8482.08
C12,CC-C12-D04,2026,4,8442.17
C12,CC-C12-D04,2026,5,8326.04
C12,CC-C12-D04,2026,6,7592.47
C12,CC-C12-D04,2026,7,8112.36
C12,CC-C12-D05,2025,6,2903.3
C12,CC-C12-D05,2025,7,3560.3
C12,CC-C12-D05,2025,8,3001.08
C12,CC-C12-D05,2025,9,3417.9
C12,CC-C12-D05,2025,10,3014.85
C12,CC-C12-D05,2025,11,3606.32
C12,CC-C12-D05,2025,12,3683.4
C12,CC-C12-D05,2026,1,3656.05
C12,CC-C12-D05,2026,2,2904.96
C12,CC-C12-D05,2026,3,3052.67
C12,CC-C12-D05,2026,4,2906.54
C12,CC-C12-D05,2026,5,3059.85
C12,CC-C12-D05,2026,6,3018.99
C12,CC-C12-D05,2026,7,2847.0
C12,CC-C12-D06,2025,6,5781.91
C12,CC-C12-D06,2025,7,5523.39
C12,CC-C12-D06,2025,8,5183.66
C12,CC-C12-D06,2025,9,5675.49
C12,CC-C12-D06,2025,10,5199.09
C12,CC-C12-D06,2025,11,5416.71
C12,CC-C12-D06,2025,12,4710.36
C12,CC-C12-D06,2026,1,6625.4
C12,CC-C12-D06,2026,2,6970.73
C12,CC-C12-D06,2026,3,5404.3
C12,CC-C12-D06,2026,4,6378.67
C12,CC-C12-D06,2026,5,5352.24
C12,CC-C12-D06,2026,6,6732.82
C12,CC-C12-D06,2026,7,5364.98
C12,CC-C12-D07,2025,6,10640.64
C12,CC-C12-D07,2025,7,9461.14
C12,CC-C12-D07,2025,8,9101.13
C12,CC-C12-D07,2025,9,11682.52
C12,CC-C12-D07,2025,10,8982.74
C12,CC-C12-D07,2025,11,9659.9
C12,CC-C12-D07,2025,12,10211.79
C12,CC-C12-D07,2026,1,11066.63
C12,CC-C12-D07,2026,2,9370.26
C12,CC-C12-D07,2026,3,11443.31
C12,CC-C12-D07,2026,4,11690.05
C12,CC-C12-D07,2026,5,12026.83
C12,CC-C12-D07,2026,6,9320.29
C12,CC-C12-D07,2026,7,9103.7
C12,CC-C12-D08,2025,6,6684.51
C12,CC-C12-D08,2025,7,5981.74
C12,CC-C12-D08,2025,8,6458.22
C12,CC-C12-D08,2025,9,7235.4
C12,CC-C12-D08,2025,10,5671.74
C12,CC-C12-D08,2025,11,6174.93
C12,CC-C12-D08,2025,12,6450.65
C12,CC-C12-D08,2026,1,8650.64
C12,CC-C12-D08,2026,2,7001.99
C12,CC-C12-D08,2026,3,7471.19
C12,CC-C12-D08,2026,4,8147.07
C12,CC-C12-D08,2026,5,8620.09
C12,CC-C12-D08,2026,6,8470.39
C12,CC-C12-D08,2026,7,8739.78
C12,CC-C12-D09,2025,6,3715.46
C12,CC-C12-D09,2025,7,3222.81
C12,CC-C12-D09,2025,8,3876.58
C12,CC-C12-D09,2025,9,4209.53
C12,CC-C12-D09,2025,10,3947.84
C12,CC-C12-D09,2025,11,3369.29
C12,CC-C12-D09,2025,12,4002.19
C12,CC-C12-D09,2026,1,3909.86
C12,CC-C12-D09,2026,2,4289.54
C12,CC-C12-D09,2026,3,3993.04
C12,CC-C12-D09,2026,4,3378.45
C12,CC-C12-D09,2026,5,3622.24
C12,CC-C12-D09,2026,6,3362.71
C12,CC-C12-D09,2026,7,3896.08
C13,CC-C13-D01,2025,6,3661.01
C13,CC-C13-D01,2025,7,4675.3
C13,CC-C13-D01,2025,8,3676.08
C13,CC-C13-D01,2025,9,4705.85
C13,CC-C13-D01,2025,10,4636.67
C13,CC-C13-D01,2025,11,3775.83
C13,CC-C13-D01,2025,12,4734.09
C13,CC-C13-D01,2026,1,4588.58
C13,CC-C13-D01,2026,2,5038.53
C13,CC-C13-D01,2026,3,4750.1
C13,CC-C13-D01,2026,4,4615.58
C13,CC-C13-D01,2026,5,5254.43
C13,CC-C13-D01,2026,6,5608.7
C13,CC-C13-D01,2026,7,4226.97
C13,CC-C13-D02,2025,6,4357.19
C13,CC-C13-D02,2025,7,4245.54
C13,CC-C13-D02,2025,8,3584.18
C13,CC-C13-D02,2025,9,3555.18
C13,CC-C13-D02,2025,10,4489.25
C13,CC-C13-D02,2025,11,3843.17
C13,CC-C13-D02,2025,12,3910.8
C13,CC-C13-D02,2026,1,4208.31
C13,CC-C13-D02,2026,2,3620.41
C13,CC-C13-D02,2026,3,4104.72
C13,CC-C13-D02,2026,4,3995.07
C13,CC-C13-D02,2026,5,3552.21
C13,CC-C13-D02,2026,6,3675.73
C13,CC-C13-D02,2026,7,3921.77
C13,CC-C13-D03,2025,6,5692.92
C13,CC-C13-D03,2025,7,4382.84
C13,CC-C13-D03,2025,8,4829.79
C13,CC-C13-D03,2025,9,5336.44
C13,CC-C13-D03,2025,10,4514.66
C13,CC-C13-D03,2025,11,4352.39
C13,CC-C13-D03,2025,12,5525.07
C13,CC-C13-D03,2026,1,4488.39
C13,CC-C13-D03,2026,2,4397.28
C13,CC-C13-D03,2026,3,4642.17
C13,CC-C13-D03,2026,4,5302.71
C13,CC-C13-D03,2026,5,4753.8
C13,CC-C13-D03,2026,6,4349.02
C13,CC-C13-D03,2026,7,5167.47
C13,CC-C13-D04,2025,6,1930.21
C13,CC-C13-D04,2025,7,1876.43
C13,CC-C13-D04,2025,8,2130.71
C13,CC-C13-D04,2025,9,1987.13
C13,CC-C13-D04,2025,10,2210.49
C13,CC-C13-D04,2025,11,2105.24
C13,CC-C13-D04,2025,12,2344.14
C13,CC-C13-D04,2026,1,2376.68
C13,CC-C13-D04,2026,2,2379.63
C13,CC-C13-D04,2026,3,2393.64
C13,CC-C13-D04,2026,4,2337.4
C13,CC-C13-D04,2026,5,2033.8
C13,CC-C13-D04,2026,6,2329.3
C13,CC-C13-D04,2026,7,2068.59
C13,CC-C13-D05,2025,6,3095.35
C13,CC-C13-D05,2025,7,3667.14
C13,CC-C13-D05,2025,8,3032.22
C13,CC-C13-D05,2025,9,3527.4
C13,CC-C13-D05,2025,10,3054.37
C13,CC-C13-D05,2025,11,2804.85
C13,CC-C13-D05,2025,12,3526.25
C13,CC-C13-D05,2026,1,3562.52
C13,CC-C13-D05,2026,2,2954.86
C13,CC-C13-D05,2026,3,3190.58
C13,CC-C13-D05,2026,4,3762.23
C13,CC-C13-D05,2026,5,2998.68
C13,CC-C13-D05,2026,6,3079.39
C13,CC-C13-D05,2026,7,3156.05
C13,CC-C13-D06,2025,6,5895.46
C13,CC-C13-D06,2025,7,4906.48
C13,CC-C13-D06,2025,8,5675.59
C13,CC-C13-D06,2025,9,5475.44
C13,CC-C13-D06,2025,10,5074.89
C13,CC-C13-D06,2025,11,5867.97
C13,CC-C13-D06,2025,12,5085.51
C13,CC-C13-D06,2026,1,6293.65
C13,CC-C13-D06,2026,2,7150.24
C13,CC-C13-D06,2026,3,6122.59
C13,CC-C13-D06,2026,4,6623.13
C13,CC-C13-D06,2026,5,7030.19
C13,CC-C13-D06,2026,6,6131.67
C13,CC-C13-D06,2026,7,5837.48
C13,CC-C13-D07,2025,6,1851.88
C13,CC-C13-D07,2025,7,1863.79
C13,CC-C13-D07,2025,8,2275.14
C13,CC-C13-D07,2025,9,1913.31
C13,CC-C13-D07,2025,10,1826.34
C13,CC-C13-D07,2025,11,2272.89
C13,CC-C13-D07,2025,12,2106.35
C13,CC-C13-D07,2026,1,2020.54
C13,CC-C13-D07,2026,2,2402.11
C13,CC-C13-D07,2026,3,1896.47
C13,CC-C13-D07,2026,4,2175.12
C13,CC-C13-D07,2026,5,1849.56
C13,CC-C13-D07,2026,6,2222.38
C13,CC-C13-D07,2026,7,2212.4
C13,CC-C13-D08,2025,6,2357.16
C13,CC-C13-D08,2025,7,2444.91
C13,CC-C13-D08,2025,8,2194.28
C13,CC-C13-D08,2025,9,1842.27
C13,CC-C13-D08,2025,10,2093.12
C13,CC-C13-D08,2025,11,2257.76
C13,CC-C13-D08,2025,12,2020.43
C13,CC-C13-D08,2026,1,2439.9
C13,CC-C13-D08,2026,2,2342.84
C13,CC-C13-D08,2026,3,2392.05
C13,CC-C13-D08,2026,4,2434.21
C13,CC-C13-D08,2026,5,1970.74
C13,CC-C13-D08,2026,6,2278.01
C13,CC-C13-D08,2026,7,2073.91
C13,CC-C13-D09,2025,6,4062.42
C13,CC-C13-D09,2025,7,3955.64
C13,CC-C13-D09,2025,8,3720.64
C13,CC-C13-D09,2025,9,4228.68
C13,CC-C13-D09,2025,10,4602.08
C13,CC-C13-D09,2025,11,4368.59
C13,CC-C13-D09,2025,12,4244.47
C13,CC-C13-D09,2026,1,4112.8
C13,CC-C13-D09,2026,2,4050.96
C13,CC-C13-D09,2026,3,4400.06
C13,CC-C13-D09,2026,4,3989.09
C13,CC-C13-D09,2026,5,3951.38
C13,CC-C13-D09,2026,6,4157.44
C13,CC-C13-D09,2026,7,4448.42
C14,CC-C14-D01,2025,6,9565.62
C14,CC-C14-D01,2025,7,9754.32
C14,CC-C14-D01,2025,8,11083.67
C14,CC-C14-D01,2025,9,8817.93
C14,CC-C14-D01,2025,10,10008.6
C14,CC-C14-D01,2025,11,9820.73
C14,CC-C14-D01,2025,12,9492.36
C14,CC-C14-D01,2026,1,11708.7
C14,CC-C14-D01,2026,2,8781.35
C14,CC-C14-D01,2026,3,11188.14
C14,CC-C14-D01,2026,4,11348.03
C14,CC-C14-D01,2026,5,10410.18
C14,CC-C14-D01,2026,6,9210.75
C14,CC-C14-D01,2026,7,9268.8
C14,CC-C14-D02,2025,6,1674.56
C14,CC-C14-D02,2025,7,1732.56
C14,CC-C14-D02,2025,8,2001.82
C14,CC-C14-D02,2025,9,1572.22
C14,CC-C14-D02,2025,10,2017.49
C14,CC-C14-D02,2025,11,1843.62
C14,CC-C14-D02,2025,12,2001.32
C14,CC-C14-D02,2026,1,1547.49
C14,CC-C14-D02,2026,2,1933.33
C14,CC-C14-D02,2026,3,1989.05
C14,CC-C14-D02,2026,4,1779.77
C14,CC-C14-D02,2026,5,1703.26
C14,CC-C14-D02,2026,6,1521.43
C14,CC-C14-D02,2026,7,1632.04
C14,CC-C14-D03,2025,6,4232.13
C14,CC-C14-D03,2025,7,4177.45
C14,CC-C14-D03,2025,8,3889.87
C14,CC-C14-D03,2025,9,3999.01
C14,CC-C14-D03,2025,10,3534.23
C14,CC-C14-D03,2025,11,3705.63
C14,CC-C14-D03,2025,12,4250.05
C14,CC-C14-D03,2026,1,4808.88
C14,CC-C14-D03,2026,2,4918.33
C14,CC-C14-D03,2026,3,4980.72
C14,CC-C14-D03,2026,4,5048.39
C14,CC-C14-D03,2026,5,4997.94
C14,CC-C14-D03,2026,6,5149.0
C14,CC-C14-D03,2026,7,4704.37
C14,CC-C14-D04,2025,6,2080.85
C14,CC-C14-D04,2025,7,2367.25
C14,CC-C14-D04,2025,8,2206.14
C14,CC-C14-D04,2025,9,2147.0
C14,CC-C14-D04,2025,10,1914.11
C14,CC-C14-D04,2025,11,2108.0
C14,CC-C14-D04,2025,12,2432.42
C14,CC-C14-D04,2026,1,2221.1
C14,CC-C14-D04,2026,2,2360.1
C14,CC-C14-D04,2026,3,2234.32
C14,CC-C14-D04,2026,4,1955.51
C14,CC-C14-D04,2026,5,2125.47
C14,CC-C14-D04,2026,6,2047.81
C14,CC-C14-D04,2026,7,2406.64
C14,CC-C14-D05,2025,6,4756.37
C14,CC-C14-D05,2025,7,4399.89
C14,CC-C14-D05,2025,8,4124.05
C14,CC-C14-D05,2025,9,5057.11
C14,CC-C14-D05,2025,10,4130.51
C14,CC-C14-D05,2025,11,5040.18
C14,CC-C14-D05,2025,12,4212.1
C14,CC-C14-D05,2026,1,5977.94
C14,CC-C14-D05,2026,2,4734.22
C14,CC-C14-D05,2026,3,5426.51
C14,CC-C14-D05,2026,4,5781.08
C14,CC-C14-D05,2026,5,4630.09
C14,CC-C14-D05,2026,6,5954.88
C14,CC-C14-D05,2026,7,5623.59
C14,CC-C14-D06,2025,6,4944.14
C14,CC-C14-D06,2025,7,4648.42
C14,CC-C14-D06,2025,8,5091.35
C14,CC-C14-D06,2025,9,5070.66
C14,CC-C14-D06,2025,10,4731.49
C14,CC-C14-D06,2025,11,4514.45
C14,CC-C14-D06,2025,12,4667.99
C14,CC-C14-D06,2026,1,4853.53
C14,CC-C14-D06,2026,2,4890.1
C14,CC-C14-D06,2026,3,4079.06
C14,CC-C14-D06,2026,4,5152.89
C14,CC-C14-D06,2026,5,3933.5
C14,CC-C14-D06,2026,6,4885.98
C14,CC-C14-D06,2026,7,4014.43
C14,CC-C14-D07,2025,6,1942.78
C14,CC-C14-D07,2025,7,2150.84
C14,CC-C14-D07,2025,8,1910.6
C14,CC-C14-D07,2025,9,1988.72
C14,CC-C14-D07,2025,10,1950.09
C14,CC-C14-D07,2025,11,2347.72
C14,CC-C14-D07,2025,12,2176.44
C14,CC-C14-D07,2026,1,2622.75
C14,CC-C14-D07,2026,2,2691.26
C14,CC-C14-D07,2026,3,2746.0
C14,CC-C14-D07,2026,4,3005.37
C14,CC-C14-D07,2026,5,2935.69
C14,CC-C14-D07,2026,6,2868.0
C14,CC-C14-D07,2026,7,2908.27
C14,CC-C14-D08,2025,6,3457.5
C14,CC-C14-D08,2025,7,3786.49
C14,CC-C14-D08,2025,8,3701.16
C14,CC-C14-D08,2025,9,2988.23
C14,CC-C14-D08,2025,10,3220.33
C14,CC-C14-D08,2025,11,3349.59
C14,CC-C14-D08,2025,12,3432.34
C14,CC-C14-D08,2026,1,4459.07
C14,CC-C14-D08,2026,2,4436.57
C14,CC-C14-D08,2026,3,4371.63
C14,CC-C14-D08,2026,4,4783.53
C14,CC-C14-D08,2026,5,4591.22
C14,CC-C14-D08,2026,6,4567.11
C14,CC-C14-D08,2026,7,3700.49
C14,CC-C14-D09,2025,6,1135.77
C14,CC-C14-D09,2025,7,1301.87
C14,CC-C14-D09,2025,8,1141.37
C14,CC-C14-D09,2025,9,1086.4
C14,CC-C14-D09,2025,10,1135.57
C14,CC-C14-D09,2025,11,1226.55
C14,CC-C14-D09,2025,12,1213.76
C14,CC-C14-D09,2026,1,1322.47
C14,CC-C14-D09,2026,2,1326.3
C14,CC-C14-D09,2026,3,1300.41
C14,CC-C14-D09,2026,4,1105.8
C14,CC-C14-D09,2026,5,1310.0
C14,CC-C14-D09,2026,6,1312.31
C14,CC-C14-D09,2026,7,1042.21
C15,CC-C15-D01,2025,6,8567.26
C15,CC-C15-D01,2025,7,8194.43
C15,CC-C15-D01,2025,8,8844.49
C15,CC-C15-D01,2025,9,9862.88
C15,CC-C15-D01,2025,10,9870.81
C15,CC-C15-D01,2025,11,9846.98
C15,CC-C15-D01,2025,12,9850.97
C15,CC-C15-D01,2026,1,10166.66
C15,CC-C15-D01,2026,2,11248.32
C15,CC-C15-D01,2026,3,12273.94
C15,CC-C15-D01,2026,4,12227.23
C15,CC-C15-D01,2026,5,9405.8
C15,CC-C15-D01,2026,6,11828.97
C15,CC-C15-D01,2026,7,12491.79
C15,CC-C15-D02,2025,6,5245.08
C15,CC-C15-D02,2025,7,4145.48
C15,CC-C15-D02,2025,8,5068.23
C15,CC-C15-D02,2025,9,5495.18
C15,CC-C15-D02,2025,10,5426.89
C15,CC-C15-D02,2025,11,4287.53
C15,CC-C15-D02,2025,12,4674.48
C15,CC-C15-D02,2026,1,4325.79
C15,CC-C15-D02,2026,2,5340.16
C15,CC-C15-D02,2026,3,4590.92
C15,CC-C15-D02,2026,4,4792.1
C15,CC-C15-D02,2026,5,5494.91
C15,CC-C15-D02,2026,6,4888.34
C15,CC-C15-D02,2026,7,4386.39
C15,CC-C15-D03,2025,6,3626.55
C15,CC-C15-D03,2025,7,3347.54
C15,CC-C15-D03,2025,8,4192.2
C15,CC-C15-D03,2025,9,3832.03
C15,CC-C15-D03,2025,10,3465.35
C15,CC-C15-D03,2025,11,3642.35
C15,CC-C15-D03,2025,12,3278.19
C15,CC-C15-D03,2026,1,3710.52
C15,CC-C15-D03,2026,2,3876.34
C15,CC-C15-D03,2026,3,3293.99
C15,CC-C15-D03,2026,4,3255.89
C15,CC-C15-D03,2026,5,3592.73
C15,CC-C15-D03,2026,6,4015.99
C15,CC-C15-D03,2026,7,3866.35
C15,CC-C15-D04,2025,6,5010.42
C15,CC-C15-D04,2025,7,3865.02
C15,CC-C15-D04,2025,8,4233.36
C15,CC-C15-D04,2025,9,4464.15
C15,CC-C15-D04,2025,10,4999.93
C15,CC-C15-D04,2025,11,3860.44
C15,CC-C15-D04,2025,12,3894.67
C15,CC-C15-D04,2026,1,5123.51
C15,CC-C15-D04,2026,2,5800.86
C15,CC-C15-D04,2026,3,5792.59
C15,CC-C15-D04,2026,4,4960.97
C15,CC-C15-D04,2026,5,5732.03
C15,CC-C15-D04,2026,6,5287.56
C15,CC-C15-D04,2026,7,5435.84
C15,CC-C15-D05,2025,6,4260.87
C15,CC-C15-D05,2025,7,4532.03
C15,CC-C15-D05,2025,8,3934.31
C15,CC-C15-D05,2025,9,4387.16
C15,CC-C15-D05,2025,10,4764.47
C15,CC-C15-D05,2025,11,4680.34
C15,CC-C15-D05,2025,12,4772.79
C15,CC-C15-D05,2026,1,4614.95
C15,CC-C15-D05,2026,2,3965.93
C15,CC-C15-D05,2026,3,4388.32
C15,CC-C15-D05,2026,4,4094.94
C15,CC-C15-D05,2026,5,4472.96
C15,CC-C15-D05,2026,6,4053.41
C15,CC-C15-D05,2026,7,4660.57
C15,CC-C15-D06,2025,6,2203.46
C15,CC-C15-D06,2025,7,2268.32
C15,CC-C15-D06,2025,8,2282.76
C15,CC-C15-D06,2025,9,2679.14
C15,CC-C15-D06,2025,10,2263.74
C15,CC-C15-D06,2025,11,2223.48
C15,CC-C15-D06,2025,12,2400.08
C15,CC-C15-D06,2026,1,2925.22
C15,CC-C15-D06,2026,2,3182.33
C15,CC-C15-D06,2026,3,3031.06
C15,CC-C15-D06,2026,4,2796.49
C15,CC-C15-D06,2026,5,3368.29
C15,CC-C15-D06,2026,6,2962.57
C15,CC-C15-D06,2026,7,3082.93
C15,CC-C15-D07,2025,6,1539.43
C15,CC-C15-D07,2025,7,1570.35
C15,CC-C15-D07,2025,8,1548.03
C15,CC-C15-D07,2025,9,1434.41
C15,CC-C15-D07,2025,10,1570.02
C15,CC-C15-D07,2025,11,1713.29
C15,CC-C15-D07,2025,12,1819.63
C15,CC-C15-D07,2026,1,1601.0
C15,CC-C15-D07,2026,2,1834.23
C15,CC-C15-D07,2026,3,1602.92
C15,CC-C15-D07,2026,4,1825.36
C15,CC-C15-D07,2026,5,1812.89
C15,CC-C15-D07,2026,6,1674.04
C15,CC-C15-D07,2026,7,1530.56
C16,CC-C16-D01,2025,6,3496.66
C16,CC-C16-D01,2025,7,3380.12
C16,CC-C16-D01,2025,8,3572.21
C16,CC-C16-D01,2025,9,3472.67
C16,CC-C16-D01,2025,10,4096.28
C16,CC-C16-D01,2025,11,3663.95
C16,CC-C16-D01,2025,12,3153.03
C16,CC-C16-D01,2026,1,4034.61
C16,CC-C16-D01,2026,2,3611.21
C16,CC-C16-D01,2026,3,3480.79
C16,CC-C16-D01,2026,4,3248.93
C16,CC-C16-D01,2026,5,3181.95
C16,CC-C16-D01,2026,6,3496.27
C16,CC-C16-D01,2026,7,3610.3
C16,CC-C16-D02,2025,6,935.51
C16,CC-C16-D02,2025,7,980.31
C16,CC-C16-D02,2025,8,979.55
C16,CC-C16-D02,2025,9,1116.54
C16,CC-C16-D02,2025,10,992.76
C16,CC-C16-D02,2025,11,1123.6
C16,CC-C16-D02,2025,12,975.02
C16,CC-C16-D02,2026,1,1020.43
C16,CC-C16-D02,2026,2,1118.46
C16,CC-C16-D02,2026,3,1117.04
C16,CC-C16-D02,2026,4,1153.4
C16,CC-C16-D02,2026,5,972.03
C16,CC-C16-D02,2026,6,1047.06
C16,CC-C16-D02,2026,7,970.94
C16,CC-C16-D03,2025,6,1006.09
C16,CC-C16-D03,2025,7,933.27
C16,CC-C16-D03,2025,8,1073.52
C16,CC-C16-D03,2025,9,1023.48
C16,CC-C16-D03,2025,10,962.59
C16,CC-C16-D03,2025,11,998.58
C16,CC-C16-D03,2025,12,814.87
C16,CC-C16-D03,2026,1,887.51
C16,CC-C16-D03,2026,2,832.21
C16,CC-C16-D03,2026,3,915.58
C16,CC-C16-D03,2026,4,1061.77
C16,CC-C16-D03,2026,5,1030.01
C16,CC-C16-D03,2026,6,937.01
C16,CC-C16-D03,2026,7,870.9
C16,CC-C16-D04,2025,6,1557.33
C16,CC-C16-D04,2025,7,1501.78
C16,CC-C16-D04,2025,8,1514.7
C16,CC-C16-D04,2025,9,1892.1
C16,CC-C16-D04,2025,10,1696.45
C16,CC-C16-D04,2025,11,1716.18
C16,CC-C16-D04,2025,12,1567.2
C16,CC-C16-D04,2026,1,2311.24
C16,CC-C16-D04,2026,2,2292.42
C16,CC-C16-D04,2026,3,1942.99
C16,CC-C16-D04,2026,4,2349.4
C16,CC-C16-D04,2026,5,2054.73
C16,CC-C16-D04,2026,6,1994.93
C16,CC-C16-D04,2026,7,2052.37
C16,CC-C16-D05,2025,6,1195.94
C16,CC-C16-D05,2025,7,1354.01
C16,CC-C16-D05,2025,8,1583.81
C16,CC-C16-D05,2025,9,1228.82
C16,CC-C16-D05,2025,10,1405.58
C16,CC-C16-D05,2025,11,1368.71
C16,CC-C16-D05,2025,12,1213.74
C16,CC-C16-D05,2026,1,1441.91
C16,CC-C16-D05,2026,2,1517.08
C16,CC-C16-D05,2026,3,1380.5
C16,CC-C16-D05,2026,4,1331.01
C16,CC-C16-D05,2026,5,1200.3
C16,CC-C16-D05,2026,6,1307.73
C16,CC-C16-D05,2026,7,1571.67
C16,CC-C16-D06,2025,6,786.3
C16,CC-C16-D06,2025,7,730.64
C16,CC-C16-D06,2025,8,853.35
C16,CC-C16-D06,2025,9,747.26
C16,CC-C16-D06,2025,10,718.21
C16,CC-C16-D06,2025,11,878.39
C16,CC-C16-D06,2025,12,707.86
C16,CC-C16-D06,2026,1,837.65
C16,CC-C16-D06,2026,2,663.56
C16,CC-C16-D06,2026,3,672.57
C16,CC-C16-D06,2026,4,791.85
C16,CC-C16-D06,2026,5,800.74
C16,CC-C16-D06,2026,6,744.33
C16,CC-C16-D06,2026,7,841.09
C16,CC-C16-D07,2025,6,2020.7
C16,CC-C16-D07,2025,7,2328.24
C16,CC-C16-D07,2025,8,2157.62
C16,CC-C16-D07,2025,9,2387.3
C16,CC-C16-D07,2025,10,2524.86
C16,CC-C16-D07,2025,11,2070.49
C16,CC-C16-D07,2025,12,2453.89
C16,CC-C16-D07,2026,1,2600.93
C16,CC-C16-D07,2026,2,2560.62
C16,CC-C16-D07,2026,3,2583.89
C16,CC-C16-D07,2026,4,2302.42
C16,CC-C16-D07,2026,5,2020.87
C16,CC-C16-D07,2026,6,2367.06
C16,CC-C16-D07,2026,7,1998.62
C17,CC-C17-D01,2025,6,3828.0
C17,CC-C17-D01,2025,7,3800.08
C17,CC-C17-D01,2025,8,3325.51
C17,CC-C17-D01,2025,9,3555.84
C17,CC-C17-D01,2025,10,3901.88
C17,CC-C17-D01,2025,11,3321.04
C17,CC-C17-D01,2025,12,3960.78
C17,CC-C17-D01,2026,1,4847.28
C17,CC-C17-D01,2026,2,4714.31
C17,CC-C17-D01,2026,3,3914.54
C17,CC-C17-D01,2026,4,3739.63
C17,CC-C17-D01,2026,5,4737.63
C17,CC-C17-D01,2026,6,4199.25
C17,CC-C17-D01,2026,7,4336.89
C17,CC-C17-D02,2025,6,2445.07
C17,CC-C17-D02,2025,7,2938.27
C17,CC-C17-D02,2025,8,3134.18
C17,CC-C17-D02,2025,9,2588.05
C17,CC-C17-D02,2025,10,2482.77
C17,CC-C17-D02,2025,11,2618.65
C17,CC-C17-D02,2025,12,2645.43
C17,CC-C17-D02,2026,1,2686.67
C17,CC-C17-D02,2026,2,2416.6
C17,CC-C17-D02,2026,3,2622.95
C17,CC-C17-D02,2026,4,2442.0
C17,CC-C17-D02,2026,5,2717.11
C17,CC-C17-D02,2026,6,2454.29
C17,CC-C17-D02,2026,7,2467.12
C17,CC-C17-D03,2025,6,749.46
C17,CC-C17-D03,2025,7,651.81
C17,CC-C17-D03,2025,8,728.79
C17,CC-C17-D03,2025,9,846.57
C17,CC-C17-D03,2025,10,681.99
C17,CC-C17-D03,2025,11,796.54
C17,CC-C17-D03,2025,12,750.73
C17,CC-C17-D03,2026,1,714.49
C17,CC-C17-D03,2026,2,643.47
C17,CC-C17-D03,2026,3,757.1
C17,CC-C17-D03,2026,4,855.12
C17,CC-C17-D03,2026,5,690.82
C17,CC-C17-D03,2026,6,652.52
C17,CC-C17-D03,2026,7,735.99
C17,CC-C17-D04,2025,6,2497.11
C17,CC-C17-D04,2025,7,2528.49
C17,CC-C17-D04,2025,8,2311.13
C17,CC-C17-D04,2025,9,2150.93
C17,CC-C17-D04,2025,10,2298.98
C17,CC-C17-D04,2025,11,2450.28
C17,CC-C17-D04,2025,12,2536.56
C17,CC-C17-D04,2026,1,3170.87
C17,CC-C17-D04,2026,2,2981.25
C17,CC-C17-D04,2026,3,3098.75
C17,CC-C17-D04,2026,4,2755.54
C17,CC-C17-D04,2026,5,2884.16
C17,CC-C17-D04,2026,6,2631.14
C17,CC-C17-D04,2026,7,2988.38
C17,CC-C17-D05,2025,6,2002.2
C17,CC-C17-D05,2025,7,1687.43
C17,CC-C17-D05,2025,8,1723.08
C17,CC-C17-D05,2025,9,1770.06
C17,CC-C17-D05,2025,10,2046.0
C17,CC-C17-D05,2025,11,1661.35
C17,CC-C17-D05,2025,12,1586.94
C17,CC-C17-D05,2026,1,2130.83
C17,CC-C17-D05,2026,2,2314.21
C17,CC-C17-D05,2026,3,2015.1
C17,CC-C17-D05,2026,4,1939.54
C17,CC-C17-D05,2026,5,2141.89
C17,CC-C17-D05,2026,6,2140.0
C17,CC-C17-D05,2026,7,2310.81
C17,CC-C17-D06,2025,6,537.43
C17,CC-C17-D06,2025,7,573.72
C17,CC-C17-D06,2025,8,530.45
C17,CC-C17-D06,2025,9,497.36
C17,CC-C17-D06,2025,10,582.92
C17,CC-C17-D06,2025,11,457.53
C17,CC-C17-D06,2025,12,482.19
C17,CC-C17-D06,2026,1,444.05
C17,CC-C17-D06,2026,2,501.64
C17,CC-C17-D06,2026,3,457.29
C17,CC-C17-D06,2026,4,490.65
C17,CC-C17-D06,2026,5,438.36
C17,CC-C17-D06,2026,6,489.15
C17,CC-C17-D06,2026,7,489.66
C17,CC-C17-D07,2025,6,2213.44
C17,CC-C17-D07,2025,7,1983.1
C17,CC-C17-D07,2025,8,1945.96
C17,CC-C17-D07,2025,9,1819.57
C17,CC-C17-D07,2025,10,2232.0
C17,CC-C17-D07,2025,11,2366.12
C17,CC-C17-D07,2025,12,2347.59
C17,CC-C17-D07,2026,1,2848.12
C17,CC-C17-D07,2026,2,2194.68
C17,CC-C17-D07,2026,3,2486.48
C17,CC-C17-D07,2026,4,2130.46
C17,CC-C17-D07,2026,5,2814.69
C17,CC-C17-D07,2026,6,2441.96
C17,CC-C17-D07,2026,7,2164.99
C18,CC-C18-D01,2025,6,4594.92
C18,CC-C18-D01,2025,7,3900.29
C18,CC-C18-D01,2025,8,4335.63
C18,CC-C18-D01,2025,9,4059.32
C18,CC-C18-D01,2025,10,4313.74
C18,CC-C18-D01,2025,11,4425.72
C18,CC-C18-D01,2025,12,4441.25
C18,CC-C18-D01,2026,1,3913.57
C18,CC-C18-D01,2026,2,4098.38
C18,CC-C18-D01,2026,3,5200.48
C18,CC-C18-D01,2026,4,4489.3
C18,CC-C18-D01,2026,5,5140.12
C18,CC-C18-D01,2026,6,3977.51
C18,CC-C18-D01,2026,7,4122.34
C18,CC-C18-D02,2025,6,4537.63
C18,CC-C18-D02,2025,7,3690.23
C18,CC-C18-D02,2025,8,3478.62
C18,CC-C18-D02,2025,9,4066.67
C18,CC-C18-D02,2025,10,4463.3
C18,CC-C18-D02,2025,11,3928.28
C18,CC-C18-D02,2025,12,4089.6
C18,CC-C18-D02,2026,1,3875.04
C18,CC-C18-D02,2026,2,4321.03
C18,CC-C18-D02,2026,3,4075.56
C18,CC-C18-D02,2026,4,4541.58
C18,CC-C18-D02,2026,5,4248.6
C18,CC-C18-D02,2026,6,4306.89
C18,CC-C18-D02,2026,7,4192.47
C18,CC-C18-D03,2025,6,1917.14
C18,CC-C18-D03,2025,7,2204.44
C18,CC-C18-D03,2025,8,1849.89
C18,CC-C18-D03,2025,9,2281.55
C18,CC-C18-D03,2025,10,1722.19
C18,CC-C18-D03,2025,11,1811.48
C18,CC-C18-D03,2025,12,2304.85
C18,CC-C18-D03,2026,1,2200.6
C18,CC-C18-D03,2026,2,1938.23
C18,CC-C18-D03,2026,3,2066.93
C18,CC-C18-D03,2026,4,1870.91
C18,CC-C18-D03,2026,5,2048.02
C18,CC-C18-D03,2026,6,2037.76
C18,CC-C18-D03,2026,7,2052.0
C18,CC-C18-D04,2025,6,2854.16
C18,CC-C18-D04,2025,7,2984.15
C18,CC-C18-D04,2025,8,2933.86
C18,CC-C18-D04,2025,9,3125.94
C18,CC-C18-D04,2025,10,3163.29
C18,CC-C18-D04,2025,11,2890.51
C18,CC-C18-D04,2025,12,3184.68
C18,CC-C18-D04,2026,1,3242.59
C18,CC-C18-D04,2026,2,3517.36
C18,CC-C18-D04,2026,3,3403.81
C18,CC-C18-D04,2026,4,3369.0
C18,CC-C18-D04,2026,5,2879.68
C18,CC-C18-D04,2026,6,3612.68
C18,CC-C18-D04,2026,7,3452.35
C18,CC-C18-D05,2025,6,1525.79
C18,CC-C18-D05,2025,7,1850.72
C18,CC-C18-D05,2025,8,1548.95
C18,CC-C18-D05,2025,9,1554.44
C18,CC-C18-D05,2025,10,1549.53
C18,CC-C18-D05,2025,11,1610.04
C18,CC-C18-D05,2025,12,1583.57
C18,CC-C18-D05,2026,1,1944.45
C18,CC-C18-D05,2026,2,1758.89
C18,CC-C18-D05,2026,3,1630.91
C18,CC-C18-D05,2026,4,1771.47
C18,CC-C18-D05,2026,5,1892.06
C18,CC-C18-D05,2026,6,1494.64
C18,CC-C18-D05,2026,7,1495.92
C18,CC-C18-D06,2025,6,3641.54
C18,CC-C18-D06,2025,7,3659.84
C18,CC-C18-D06,2025,8,4124.25
C18,CC-C18-D06,2025,9,4672.29
C18,CC-C18-D06,2025,10,3580.16
C18,CC-C18-D06,2025,11,3641.7
C18,CC-C18-D06,2025,12,3946.85
C18,CC-C18-D06,2026,1,4047.62
C18,CC-C18-D06,2026,2,3770.93
C18,CC-C18-D06,2026,3,4654.96
C18,CC-C18-D06,2026,4,3603.57
C18,CC-C18-D06,2026,5,4668.27
C18,CC-C18-D06,2026,6,3904.87
C18,CC-C18-D06,2026,7,3979.04
C18,CC-C18-D07,2025,6,2470.53
C18,CC-C18-D07,2025,7,2542.87
C18,CC-C18-D07,2025,8,2455.66
C18,CC-C18-D07,2025,9,2853.53
C18,CC-C18-D07,2025,10,3065.17
C18,CC-C18-D07,2025,11,2991.76
C18,CC-C18-D07,2025,12,2452.9
C18,CC-C18-D07,2026,1,2531.69
C18,CC-C18-D07,2026,2,2675.52
C18,CC-C18-D07,2026,3,2711.07
C18,CC-C18-D07,2026,4,2613.75
C18,CC-C18-D07,2026,5,2689.2
C18,CC-C18-D07,2026,6,3044.6
C18,CC-C18-D07,2026,7,2990.96
